symbol,tf,x,y,n,zero_count,target_count,zero_pct,ci95,shown,reached_x_n,stopped_before_x_n
BTC,H4,0.2,1.0,7171,6936,235,96.7,96.3-97.1,True,7171,1461
BTC,H4,0.2,1.5,7171,6984,187,97.4,97.0-97.7,True,7171,1461
BTC,H4,0.2,2.0,7171,7009,162,97.7,97.4-98.1,True,7171,1461
BTC,H4,0.2,3.0,7171,7052,119,98.3,98.0-98.6,True,7171,1461
BTC,H4,0.3,1.0,6673,6342,331,95.0,94.5-95.5,True,6673,1959
BTC,H4,0.3,1.5,6673,6409,264,96.0,95.5-96.5,True,6673,1959
BTC,H4,0.3,2.0,6673,6443,230,96.6,96.1-97.0,True,6673,1959
BTC,H4,0.3,3.0,6673,6497,176,97.4,96.9-97.7,True,6673,1959
BTC,H4,0.5,1.0,5843,5051,792,86.4,85.5-87.3,True,5843,2789
BTC,H4,0.5,1.5,5843,5245,598,89.8,89.0-90.5,True,5843,2789
BTC,H4,0.5,2.0,5843,5328,515,91.2,90.4-91.9,True,5843,2789
BTC,H4,0.5,3.0,5838,5467,371,93.6,93.0-94.2,True,5843,2789
BTC,H4,0.8,1.0,4861,3200,1661,65.8,64.5-67.2,True,4861,3771
BTC,H4,0.8,1.5,4861,3641,1220,74.9,73.7-76.1,True,4861,3771
BTC,H4,0.8,2.0,4861,3864,997,79.5,78.3-80.6,True,4861,3771
BTC,H4,0.8,3.0,4855,4147,708,85.4,84.4-86.4,True,4861,3771
BTC,H4,1.0,1.0,4387,2134,2253,48.6,47.2-50.1,True,4387,4245
BTC,H4,1.0,1.5,4387,2712,1675,61.8,60.4-63.2,True,4387,4245
BTC,H4,1.0,2.0,4387,3014,1373,68.7,67.3-70.1,True,4387,4245
BTC,H4,1.0,3.0,4381,3406,975,77.7,76.5-79.0,True,4387,4245
BTC,D1,0.2,1.0,3013,2966,47,98.4,97.9-98.8,True,3013,603
BTC,D1,0.2,1.5,3013,2973,40,98.7,98.2-99.0,True,3013,603
BTC,D1,0.2,2.0,3013,2985,28,99.1,98.7-99.4,True,3013,603
BTC,D1,0.2,3.0,3013,2994,19,99.4,99.0-99.6,True,3013,603
BTC,D1,0.3,1.0,2766,2693,73,97.4,96.7-97.9,True,2766,850
BTC,D1,0.3,1.5,2766,2710,56,98.0,97.4-98.4,True,2766,850
BTC,D1,0.3,2.0,2766,2728,38,98.6,98.1-99.0,True,2766,850
BTC,D1,0.3,3.0,2766,2742,24,99.1,98.7-99.4,True,2766,850
BTC,D1,0.5,1.0,2391,2152,239,90.0,88.7-91.1,True,2391,1225
BTC,D1,0.5,1.5,2391,2230,161,93.3,92.2-94.2,True,2391,1225
BTC,D1,0.5,2.0,2391,2277,114,95.2,94.3-96.0,True,2391,1225
BTC,D1,0.5,3.0,2391,2313,78,96.7,95.9-97.4,True,2391,1225
BTC,D1,0.8,1.0,2011,1418,593,70.5,68.5-72.5,True,2011,1605
BTC,D1,0.8,1.5,2011,1591,420,79.1,77.3-80.8,True,2011,1605
BTC,D1,0.8,2.0,2010,1693,317,84.2,82.6-85.8,True,2011,1605
BTC,D1,0.8,3.0,2010,1795,215,89.3,87.9-90.6,True,2011,1605
BTC,D1,1.0,1.0,1819,888,931,48.8,46.5-51.1,True,1819,1797
BTC,D1,1.0,1.5,1819,1165,654,64.0,61.8-66.2,True,1819,1797
BTC,D1,1.0,2.0,1816,1321,495,72.7,70.6-74.7,True,1819,1797
BTC,D1,1.0,3.0,1816,1480,336,81.5,79.6-83.2,True,1819,1797
DJI,H4,0.2,1.0,2665,2290,375,85.9,84.6-87.2,True,2665,711
DJI,H4,0.2,1.5,2665,2377,288,89.2,88.0-90.3,True,2665,711
DJI,H4,0.2,2.0,2665,2444,221,91.7,90.6-92.7,True,2665,711
DJI,H4,0.2,3.0,2665,2512,153,94.3,93.3-95.1,True,2665,711
DJI,H4,0.3,1.0,2481,2053,428,82.7,81.2-84.2,True,2481,895
DJI,H4,0.3,1.5,2481,2149,332,86.6,85.2-87.9,True,2481,895
DJI,H4,0.3,2.0,2481,2227,254,89.8,88.5-90.9,True,2481,895
DJI,H4,0.3,3.0,2481,2308,173,93.0,92.0-94.0,True,2481,895
DJI,H4,0.5,1.0,2190,1608,582,73.4,71.5-75.2,True,2190,1186
DJI,H4,0.5,1.5,2190,1740,450,79.5,77.7-81.1,True,2190,1186
DJI,H4,0.5,2.0,2190,1856,334,84.7,83.2-86.2,True,2190,1186
DJI,H4,0.5,3.0,2190,1963,227,89.6,88.3-90.8,True,2190,1186
DJI,H4,0.8,1.0,1869,982,887,52.5,50.3-54.8,True,1869,1507
DJI,H4,0.8,1.5,1869,1185,684,63.4,61.2-65.6,True,1869,1507
DJI,H4,0.8,2.0,1869,1352,517,72.3,70.3-74.3,True,1869,1507
DJI,H4,0.8,3.0,1869,1523,346,81.5,79.7-83.2,True,1869,1507
DJI,H4,1.0,1.0,1704,593,1111,34.8,32.6-37.1,True,1704,1672
DJI,H4,1.0,1.5,1704,859,845,50.4,48.0-52.8,True,1704,1672
DJI,H4,1.0,2.0,1704,1050,654,61.6,59.3-63.9,True,1704,1672
DJI,H4,1.0,3.0,1703,1263,440,74.2,72.0-76.2,True,1704,1672
DJI,D1,0.2,1.0,1926,1577,349,81.9,80.1-83.5,True,1926,544
DJI,D1,0.2,1.5,1926,1669,257,86.7,85.1-88.1,True,1926,544
DJI,D1,0.2,2.0,1926,1730,196,89.8,88.4-91.1,True,1926,544
DJI,D1,0.2,3.0,1925,1787,138,92.8,91.6-93.9,True,1926,544
DJI,D1,0.3,1.0,1834,1453,381,79.2,77.3-81.0,True,1834,636
DJI,D1,0.3,1.5,1834,1557,277,84.9,83.2-86.5,True,1834,636
DJI,D1,0.3,2.0,1834,1623,211,88.5,87.0-89.9,True,1834,636
DJI,D1,0.3,3.0,1833,1685,148,91.9,90.6-93.1,True,1834,636
DJI,D1,0.5,1.0,1636,1120,516,68.5,66.2-70.7,True,1636,834
DJI,D1,0.5,1.5,1636,1262,374,77.1,75.0-79.1,True,1636,834
DJI,D1,0.5,2.0,1636,1353,283,82.7,80.8-84.5,True,1636,834
DJI,D1,0.5,3.0,1634,1436,198,87.9,86.2-89.4,True,1636,834
DJI,D1,0.8,1.0,1383,606,777,43.8,41.2-46.4,True,1383,1087
DJI,D1,0.8,1.5,1383,808,575,58.4,55.8-61.0,True,1383,1087
DJI,D1,0.8,2.0,1383,956,427,69.1,66.6-71.5,True,1383,1087
DJI,D1,0.8,3.0,1379,1079,300,78.2,76.0-80.3,True,1383,1087
DJI,D1,1.0,1.0,1241,285,956,23.0,20.7-25.4,True,1241,1229
DJI,D1,1.0,1.5,1241,538,703,43.4,40.6-46.1,True,1241,1229
DJI,D1,1.0,2.0,1241,712,529,57.4,54.6-60.1,True,1241,1229
DJI,D1,1.0,3.0,1237,870,367,70.3,67.7-72.8,True,1241,1229
DXY,H4,0.2,1.0,6098,6008,90,98.5,98.2-98.8,True,6098,1172
DXY,H4,0.2,1.5,6098,6025,73,98.8,98.5-99.0,True,6098,1172
DXY,H4,0.2,2.0,6098,6042,56,99.1,98.8-99.3,True,6098,1172
DXY,H4,0.2,3.0,6098,6058,40,99.3,99.1-99.5,True,6098,1172
DXY,H4,0.3,1.0,5686,5514,172,97.0,96.5-97.4,True,5686,1584
DXY,H4,0.3,1.5,5686,5558,128,97.7,97.3-98.1,True,5686,1584
DXY,H4,0.3,2.0,5686,5584,102,98.2,97.8-98.5,True,5686,1584
DXY,H4,0.3,3.0,5686,5617,69,98.8,98.5-99.0,True,5686,1584
DXY,H4,0.5,1.0,4946,4448,498,89.9,89.1-90.7,True,4946,2324
DXY,H4,0.5,1.5,4946,4582,364,92.6,91.9-93.3,True,4946,2324
DXY,H4,0.5,2.0,4945,4655,290,94.1,93.4-94.8,True,4946,2324
DXY,H4,0.5,3.0,4945,4735,210,95.8,95.2-96.3,True,4946,2324
DXY,H4,0.8,1.0,4107,2856,1251,69.5,68.1-70.9,True,4107,3163
DXY,H4,0.8,1.5,4107,3201,906,77.9,76.6-79.2,True,4107,3163
DXY,H4,0.8,2.0,4106,3398,708,82.8,81.6-83.9,True,4107,3163
DXY,H4,0.8,3.0,4106,3611,495,87.9,86.9-88.9,True,4107,3163
DXY,H4,1.0,1.0,3700,1887,1813,51.0,49.4-52.6,True,3700,3570
DXY,H4,1.0,1.5,3700,2382,1318,64.4,62.8-65.9,True,3700,3570
DXY,H4,1.0,2.0,3699,2672,1027,72.2,70.8-73.7,True,3700,3570
DXY,H4,1.0,3.0,3699,2981,718,80.6,79.3-81.8,True,3700,3570
DXY,D1,0.2,1.0,2042,1902,140,93.1,92.0-94.2,True,2042,432
DXY,D1,0.2,1.5,2042,1942,100,95.1,94.1-96.0,True,2042,432
DXY,D1,0.2,2.0,2042,1960,82,96.0,95.0-96.8,True,2042,432
DXY,D1,0.2,3.0,2042,1988,54,97.4,96.6-98.0,True,2042,432
DXY,D1,0.3,1.0,1872,1722,150,92.0,90.7-93.1,True,1872,602
DXY,D1,0.3,1.5,1872,1764,108,94.2,93.1-95.2,True,1872,602
DXY,D1,0.3,2.0,1872,1785,87,95.4,94.3-96.2,True,1872,602
DXY,D1,0.3,3.0,1872,1815,57,97.0,96.1-97.6,True,1872,602
DXY,D1,0.5,1.0,1629,1382,247,84.8,83.0-86.5,True,1629,845
DXY,D1,0.5,1.5,1629,1451,178,89.1,87.5-90.5,True,1629,845
DXY,D1,0.5,2.0,1629,1490,139,91.5,90.0-92.7,True,1629,845
DXY,D1,0.5,3.0,1629,1535,94,94.2,93.0-95.3,True,1629,845
DXY,D1,0.8,1.0,1372,862,510,62.8,60.2-65.3,True,1372,1102
DXY,D1,0.8,1.5,1372,1008,364,73.5,71.1-75.7,True,1372,1102
DXY,D1,0.8,2.0,1370,1093,277,79.8,77.6-81.8,True,1372,1102
DXY,D1,0.8,3.0,1368,1182,186,86.4,84.5-88.1,True,1372,1102
DXY,D1,1.0,1.0,1239,501,738,40.4,37.7-43.2,True,1239,1235
DXY,D1,1.0,1.5,1238,720,518,58.2,55.4-60.9,True,1239,1235
DXY,D1,1.0,2.0,1236,839,397,67.9,65.2-70.4,True,1239,1235
DXY,D1,1.0,3.0,1234,969,265,78.5,76.1-80.7,True,1239,1235
ETH,H4,0.2,1.0,7088,6830,258,96.4,95.9-96.8,True,7088,1544
ETH,H4,0.2,1.5,7088,6889,199,97.2,96.8-97.6,True,7088,1544
ETH,H4,0.2,2.0,7088,6928,160,97.7,97.4-98.1,True,7088,1544
ETH,H4,0.2,3.0,7088,6981,107,98.5,98.2-98.7,True,7088,1544
ETH,H4,0.3,1.0,6542,6191,351,94.6,94.1-95.2,True,6542,2090
ETH,H4,0.3,1.5,6542,6271,271,95.9,95.3-96.3,True,6542,2090
ETH,H4,0.3,2.0,6542,6328,214,96.7,96.3-97.1,True,6542,2090
ETH,H4,0.3,3.0,6542,6398,144,97.8,97.4-98.1,True,6542,2090
ETH,H4,0.5,1.0,5741,4936,805,86.0,85.1-86.9,True,5741,2891
ETH,H4,0.5,1.5,5741,5159,582,89.9,89.1-90.6,True,5741,2891
ETH,H4,0.5,2.0,5741,5287,454,92.1,91.4-92.8,True,5741,2891
ETH,H4,0.5,3.0,5741,5432,309,94.6,94.0-95.2,True,5741,2891
ETH,H4,0.8,1.0,4813,3153,1660,65.5,64.2-66.8,True,4813,3819
ETH,H4,0.8,1.5,4813,3623,1190,75.3,74.0-76.5,True,4813,3819
ETH,H4,0.8,2.0,4813,3877,936,80.6,79.4-81.6,True,4813,3819
ETH,H4,0.8,3.0,4812,4164,648,86.5,85.5-87.5,True,4813,3819
ETH,H4,1.0,1.0,4352,2079,2273,47.8,46.3-49.3,True,4352,4280
ETH,H4,1.0,1.5,4352,2693,1659,61.9,60.4-63.3,True,4352,4280
ETH,H4,1.0,2.0,4352,3053,1299,70.2,68.8-71.5,True,4352,4280
ETH,H4,1.0,3.0,4350,3459,891,79.5,78.3-80.7,True,4352,4280
ETH,D1,0.2,1.0,2999,2965,34,98.9,98.4-99.2,True,2999,617
ETH,D1,0.2,1.5,2999,2973,26,99.1,98.7-99.4,True,2999,617
ETH,D1,0.2,2.0,2999,2978,21,99.3,98.9-99.5,True,2999,617
ETH,D1,0.2,3.0,2999,2987,12,99.6,99.3-99.8,True,2999,617
ETH,D1,0.3,1.0,2760,2694,66,97.6,97.0-98.1,True,2760,856
ETH,D1,0.3,1.5,2760,2710,50,98.2,97.6-98.6,True,2760,856
ETH,D1,0.3,2.0,2760,2721,39,98.6,98.1-99.0,True,2760,856
ETH,D1,0.3,3.0,2760,2734,26,99.1,98.6-99.4,True,2760,856
ETH,D1,0.5,1.0,2409,2188,221,90.8,89.6-91.9,True,2409,1207
ETH,D1,0.5,1.5,2409,2261,148,93.9,92.8-94.7,True,2409,1207
ETH,D1,0.5,2.0,2408,2288,120,95.0,94.1-95.8,True,2409,1207
ETH,D1,0.5,3.0,2408,2321,87,96.4,95.6-97.1,True,2409,1207
ETH,D1,0.8,1.0,2034,1412,622,69.4,67.4-71.4,True,2034,1582
ETH,D1,0.8,1.5,2034,1613,421,79.3,77.5-81.0,True,2034,1582
ETH,D1,0.8,2.0,2033,1701,332,83.7,82.0-85.2,True,2034,1582
ETH,D1,0.8,3.0,2033,1796,237,88.3,86.9-89.7,True,2034,1582
ETH,D1,1.0,1.0,1818,873,945,48.0,45.7-50.3,True,1818,1798
ETH,D1,1.0,1.5,1817,1170,647,64.4,62.2-66.6,True,1818,1798
ETH,D1,1.0,2.0,1816,1295,521,71.3,69.2-73.3,True,1818,1798
ETH,D1,1.0,3.0,1815,1434,381,79.0,77.1-80.8,True,1818,1798
EURUSD,H4,0.2,1.0,7196,6946,250,96.5,96.1-96.9,True,7196,1494
EURUSD,H4,0.2,1.5,7196,7009,187,97.4,97.0-97.7,True,7196,1494
EURUSD,H4,0.2,2.0,7196,7038,158,97.8,97.4-98.1,True,7196,1494
EURUSD,H4,0.2,3.0,7196,7096,100,98.6,98.3-98.9,True,7196,1494
EURUSD,H4,0.3,1.0,6730,6396,334,95.0,94.5-95.5,True,6730,1960
EURUSD,H4,0.3,1.5,6730,6473,257,96.2,95.7-96.6,True,6730,1960
EURUSD,H4,0.3,2.0,6730,6520,210,96.9,96.4-97.3,True,6730,1960
EURUSD,H4,0.3,3.0,6730,6593,137,98.0,97.6-98.3,True,6730,1960
EURUSD,H4,0.5,1.0,5846,5153,693,88.1,87.3-88.9,True,5846,2844
EURUSD,H4,0.5,1.5,5846,5338,508,91.3,90.6-92.0,True,5846,2844
EURUSD,H4,0.5,2.0,5846,5435,411,93.0,92.3-93.6,True,5846,2844
EURUSD,H4,0.5,3.0,5846,5568,278,95.2,94.7-95.8,True,5846,2844
EURUSD,H4,0.8,1.0,4918,3415,1503,69.4,68.1-70.7,True,4918,3772
EURUSD,H4,0.8,1.5,4918,3808,1110,77.4,76.2-78.6,True,4918,3772
EURUSD,H4,0.8,2.0,4918,4004,914,81.4,80.3-82.5,True,4918,3772
EURUSD,H4,0.8,3.0,4918,4283,635,87.1,86.1-88.0,True,4918,3772
EURUSD,H4,1.0,1.0,4428,2323,2105,52.5,51.0-53.9,True,4428,4262
EURUSD,H4,1.0,1.5,4428,2890,1538,65.3,63.9-66.7,True,4428,4262
EURUSD,H4,1.0,2.0,4428,3182,1246,71.9,70.5-73.2,True,4428,4262
EURUSD,H4,1.0,3.0,4428,3563,865,80.5,79.3-81.6,True,4428,4262
EURUSD,D1,0.2,1.0,2025,1762,263,87.0,85.5-88.4,True,2025,537
EURUSD,D1,0.2,1.5,2025,1822,203,90.0,88.6-91.2,True,2025,537
EURUSD,D1,0.2,2.0,2025,1871,154,92.4,91.2-93.5,True,2025,537
EURUSD,D1,0.2,3.0,2025,1918,107,94.7,93.7-95.6,True,2025,537
EURUSD,D1,0.3,1.0,1897,1616,281,85.2,83.5-86.7,True,1897,665
EURUSD,D1,0.3,1.5,1897,1680,217,88.6,87.0-89.9,True,1897,665
EURUSD,D1,0.3,2.0,1897,1732,165,91.3,89.9-92.5,True,1897,665
EURUSD,D1,0.3,3.0,1897,1781,116,93.9,92.7-94.9,True,1897,665
EURUSD,D1,0.5,1.0,1685,1319,366,78.3,76.2-80.2,True,1685,876
EURUSD,D1,0.5,1.5,1685,1410,275,83.7,81.8-85.4,True,1685,876
EURUSD,D1,0.5,2.0,1685,1476,209,87.6,85.9-89.1,True,1685,876
EURUSD,D1,0.5,3.0,1685,1543,142,91.6,90.1-92.8,True,1685,876
EURUSD,D1,0.8,1.0,1423,785,638,55.2,52.6-57.7,True,1423,1137
EURUSD,D1,0.8,1.5,1421,945,476,66.5,64.0-68.9,True,1423,1137
EURUSD,D1,0.8,2.0,1420,1058,362,74.5,72.2-76.7,True,1423,1137
EURUSD,D1,0.8,3.0,1420,1193,227,84.0,82.0-85.8,True,1423,1137
EURUSD,D1,1.0,1.0,1277,434,843,34.0,31.4-36.6,True,1277,1277
EURUSD,D1,1.0,1.5,1273,654,619,51.4,48.6-54.1,True,1277,1277
EURUSD,D1,1.0,2.0,1272,806,466,63.4,60.7-66.0,True,1277,1277
EURUSD,D1,1.0,3.0,1271,988,283,77.7,75.4-79.9,True,1277,1277
GBPUSD,H4,0.2,1.0,7193,6898,295,95.9,95.4-96.3,True,7193,1497
GBPUSD,H4,0.2,1.5,7193,6979,214,97.0,96.6-97.4,True,7193,1497
GBPUSD,H4,0.2,2.0,7193,7029,164,97.7,97.3-98.0,True,7193,1497
GBPUSD,H4,0.2,3.0,7193,7076,117,98.4,98.1-98.6,True,7193,1497
GBPUSD,H4,0.3,1.0,6679,6288,391,94.1,93.6-94.7,True,6679,2011
GBPUSD,H4,0.3,1.5,6679,6394,285,95.7,95.2-96.2,True,6679,2011
GBPUSD,H4,0.3,2.0,6679,6458,221,96.7,96.2-97.1,True,6679,2011
GBPUSD,H4,0.3,3.0,6679,6521,158,97.6,97.2-98.0,True,6679,2011
GBPUSD,H4,0.5,1.0,5826,5088,738,87.3,86.5-88.2,True,5826,2864
GBPUSD,H4,0.5,1.5,5826,5294,532,90.9,90.1-91.6,True,5826,2864
GBPUSD,H4,0.5,2.0,5826,5424,402,93.1,92.4-93.7,True,5826,2864
GBPUSD,H4,0.5,3.0,5826,5531,295,94.9,94.3-95.5,True,5826,2864
GBPUSD,H4,0.8,1.0,4882,3322,1560,68.0,66.7-69.3,True,4882,3808
GBPUSD,H4,0.8,1.5,4882,3767,1115,77.2,76.0-78.3,True,4882,3808
GBPUSD,H4,0.8,2.0,4882,4022,860,82.4,81.3-83.4,True,4882,3808
GBPUSD,H4,0.8,3.0,4882,4241,641,86.9,85.9-87.8,True,4882,3808
GBPUSD,H4,1.0,1.0,4393,2252,2141,51.3,49.8-52.7,True,4393,4297
GBPUSD,H4,1.0,1.5,4393,2843,1550,64.7,63.3-66.1,True,4393,4297
GBPUSD,H4,1.0,2.0,4393,3187,1206,72.5,71.2-73.8,True,4393,4297
GBPUSD,H4,1.0,3.0,4393,3500,893,79.7,78.5-80.8,True,4393,4297
GBPUSD,D1,0.2,1.0,2007,1748,259,87.1,85.6-88.5,True,2007,555
GBPUSD,D1,0.2,1.5,2007,1817,190,90.5,89.2-91.7,True,2007,555
GBPUSD,D1,0.2,2.0,2007,1858,149,92.6,91.3-93.6,True,2007,555
GBPUSD,D1,0.2,3.0,2007,1909,98,95.1,94.1-96.0,True,2007,555
GBPUSD,D1,0.3,1.0,1882,1607,275,85.4,83.7-86.9,True,1882,680
GBPUSD,D1,0.3,1.5,1882,1684,198,89.5,88.0-90.8,True,1882,680
GBPUSD,D1,0.3,2.0,1882,1728,154,91.8,90.5-93.0,True,1882,680
GBPUSD,D1,0.3,3.0,1882,1780,102,94.6,93.5-95.5,True,1882,680
GBPUSD,D1,0.5,1.0,1640,1265,375,77.1,75.0-79.1,True,1640,922
GBPUSD,D1,0.5,1.5,1640,1369,271,83.5,81.6-85.2,True,1640,922
GBPUSD,D1,0.5,2.0,1640,1436,204,87.6,85.9-89.1,True,1640,922
GBPUSD,D1,0.5,3.0,1640,1508,132,92.0,90.5-93.2,True,1640,922
GBPUSD,D1,0.8,1.0,1414,765,649,54.1,51.5-56.7,True,1414,1148
GBPUSD,D1,0.8,1.5,1414,959,455,67.8,65.3-70.2,True,1414,1148
GBPUSD,D1,0.8,2.0,1414,1076,338,76.1,73.8-78.2,True,1414,1148
GBPUSD,D1,0.8,3.0,1413,1181,232,83.6,81.6-85.4,True,1414,1148
GBPUSD,D1,1.0,1.0,1281,442,839,34.5,32.0-37.2,True,1281,1281
GBPUSD,D1,1.0,1.5,1281,687,594,53.6,50.9-56.3,True,1281,1281
GBPUSD,D1,1.0,2.0,1280,844,436,65.9,63.3-68.5,True,1281,1281
GBPUSD,D1,1.0,3.0,1279,971,308,75.9,73.5-78.2,True,1281,1281
GOLD,H4,0.2,1.0,6053,5934,119,98.0,97.7-98.4,True,6053,1193
GOLD,H4,0.2,1.5,6053,5960,93,98.5,98.1-98.7,True,6053,1193
GOLD,H4,0.2,2.0,6053,5980,73,98.8,98.5-99.0,True,6053,1193
GOLD,H4,0.2,3.0,6053,6002,51,99.2,98.9-99.4,True,6053,1193
GOLD,H4,0.3,1.0,5613,5412,201,96.4,95.9-96.9,True,5613,1633
GOLD,H4,0.3,1.5,5613,5467,146,97.4,96.9-97.8,True,5613,1633
GOLD,H4,0.3,2.0,5613,5493,120,97.9,97.4-98.2,True,5613,1633
GOLD,H4,0.3,3.0,5613,5525,88,98.4,98.1-98.7,True,5613,1633
GOLD,H4,0.5,1.0,4920,4452,468,90.5,89.6-91.3,True,4920,2326
GOLD,H4,0.5,1.5,4920,4576,344,93.0,92.3-93.7,True,4920,2326
GOLD,H4,0.5,2.0,4920,4649,271,94.5,93.8-95.1,True,4920,2326
GOLD,H4,0.5,3.0,4920,4720,200,95.9,95.3-96.5,True,4920,2326
GOLD,H4,0.8,1.0,4088,2922,1166,71.5,70.1-72.8,True,4088,3158
GOLD,H4,0.8,1.5,4087,3236,851,79.2,77.9-80.4,True,4088,3158
GOLD,H4,0.8,2.0,4086,3420,666,83.7,82.5-84.8,True,4088,3158
GOLD,H4,0.8,3.0,4084,3601,483,88.2,87.1-89.1,True,4088,3158
GOLD,H4,1.0,1.0,3681,1946,1735,52.9,51.3-54.5,True,3681,3565
GOLD,H4,1.0,1.5,3680,2424,1256,65.9,64.3-67.4,True,3681,3565
GOLD,H4,1.0,2.0,3676,2696,980,73.3,71.9-74.7,True,3681,3565
GOLD,H4,1.0,3.0,3671,2978,693,81.1,79.8-82.4,True,3681,3565
GOLD,D1,0.2,1.0,1825,1312,513,71.9,69.8-73.9,True,1825,651
GOLD,D1,0.2,1.5,1825,1421,404,77.9,75.9-79.7,True,1825,651
GOLD,D1,0.2,2.0,1825,1495,330,81.9,80.1-83.6,True,1825,651
GOLD,D1,0.2,3.0,1824,1576,248,86.4,84.8-87.9,True,1825,651
GOLD,D1,0.3,1.0,1741,1185,556,68.1,65.8-70.2,True,1741,735
GOLD,D1,0.3,1.5,1741,1301,440,74.7,72.6-76.7,True,1741,735
GOLD,D1,0.3,2.0,1741,1378,363,79.1,77.2-81.0,True,1741,735
GOLD,D1,0.3,3.0,1740,1467,273,84.3,82.5-85.9,True,1741,735
GOLD,D1,0.5,1.0,1581,930,651,58.8,56.4-61.2,True,1581,895
GOLD,D1,0.5,1.5,1581,1072,509,67.8,65.5-70.1,True,1581,895
GOLD,D1,0.5,2.0,1581,1165,416,73.7,71.5-75.8,True,1581,895
GOLD,D1,0.5,3.0,1579,1269,310,80.4,78.3-82.3,True,1581,895
GOLD,D1,0.8,1.0,1379,551,828,40.0,37.4-42.6,True,1379,1097
GOLD,D1,0.8,1.5,1379,729,650,52.9,50.2-55.5,True,1379,1097
GOLD,D1,0.8,2.0,1378,847,531,61.5,58.9-64.0,True,1379,1097
GOLD,D1,0.8,3.0,1375,975,400,70.9,68.5-73.2,True,1379,1097
GOLD,D1,1.0,1.0,1250,315,935,25.2,22.9-27.7,True,1250,1226
GOLD,D1,1.0,1.5,1250,514,736,41.1,38.4-43.9,True,1250,1226
GOLD,D1,1.0,2.0,1248,652,596,52.2,49.5-55.0,True,1250,1226
GOLD,D1,1.0,3.0,1245,791,454,63.5,60.8-66.2,True,1250,1226
NASDAQ,H4,0.2,1.0,2623,2163,460,82.5,81.0-83.9,True,2623,753
NASDAQ,H4,0.2,1.5,2623,2244,379,85.6,84.2-86.8,True,2623,753
NASDAQ,H4,0.2,2.0,2623,2319,304,88.4,87.1-89.6,True,2623,753
NASDAQ,H4,0.2,3.0,2623,2401,222,91.5,90.4-92.5,True,2623,753
NASDAQ,H4,0.3,1.0,2453,1923,530,78.4,76.7-80.0,True,2453,923
NASDAQ,H4,0.3,1.5,2453,2010,443,81.9,80.4-83.4,True,2453,923
NASDAQ,H4,0.3,2.0,2453,2106,347,85.9,84.4-87.2,True,2453,923
NASDAQ,H4,0.3,3.0,2453,2199,254,89.6,88.4-90.8,True,2453,923
NASDAQ,H4,0.5,1.0,2176,1458,718,67.0,65.0-68.9,True,2176,1200
NASDAQ,H4,0.5,1.5,2176,1585,591,72.8,70.9-74.7,True,2176,1200
NASDAQ,H4,0.5,2.0,2176,1706,470,78.4,76.6-80.1,True,2176,1200
NASDAQ,H4,0.5,3.0,2176,1841,335,84.6,83.0-86.1,True,2176,1200
NASDAQ,H4,0.8,1.0,1875,870,1005,46.4,44.2-48.7,True,1875,1501
NASDAQ,H4,0.8,1.5,1875,1053,822,56.2,53.9-58.4,True,1875,1501
NASDAQ,H4,0.8,2.0,1875,1219,656,65.0,62.8-67.1,True,1875,1501
NASDAQ,H4,0.8,3.0,1875,1412,463,75.3,73.3-77.2,True,1875,1501
NASDAQ,H4,1.0,1.0,1701,508,1193,29.9,27.7-32.1,True,1701,1675
NASDAQ,H4,1.0,1.5,1701,729,972,42.9,40.5-45.2,True,1701,1675
NASDAQ,H4,1.0,2.0,1701,919,782,54.0,51.7-56.4,True,1701,1675
NASDAQ,H4,1.0,3.0,1701,1154,547,67.8,65.6-70.0,True,1701,1675
NASDAQ,D1,0.2,1.0,1903,1483,420,77.9,76.0-79.7,True,1903,567
NASDAQ,D1,0.2,1.5,1903,1582,321,83.1,81.4-84.7,True,1903,567
NASDAQ,D1,0.2,2.0,1902,1648,254,86.6,85.0-88.1,True,1903,567
NASDAQ,D1,0.2,3.0,1901,1721,180,90.5,89.1-91.8,True,1903,567
NASDAQ,D1,0.3,1.0,1798,1347,451,74.9,72.9-76.9,True,1798,672
NASDAQ,D1,0.3,1.5,1798,1457,341,81.0,79.2-82.8,True,1798,672
NASDAQ,D1,0.3,2.0,1797,1527,270,85.0,83.2-86.6,True,1798,672
NASDAQ,D1,0.3,3.0,1796,1603,193,89.3,87.7-90.6,True,1798,672
NASDAQ,D1,0.5,1.0,1591,1007,584,63.3,60.9-65.6,True,1591,879
NASDAQ,D1,0.5,1.5,1591,1154,437,72.5,70.3-74.7,True,1591,879
NASDAQ,D1,0.5,2.0,1590,1242,348,78.1,76.0-80.1,True,1591,879
NASDAQ,D1,0.5,3.0,1589,1342,247,84.5,82.6-86.2,True,1591,879
NASDAQ,D1,0.8,1.0,1377,551,826,40.0,37.5-42.6,True,1377,1093
NASDAQ,D1,0.8,1.5,1377,759,618,55.1,52.5-57.7,True,1377,1093
NASDAQ,D1,0.8,2.0,1376,891,485,64.8,62.2-67.2,True,1377,1093
NASDAQ,D1,0.8,3.0,1373,1030,343,75.0,72.7-77.2,True,1377,1093
NASDAQ,D1,1.0,1.0,1242,249,993,20.0,17.9-22.4,True,1242,1228
NASDAQ,D1,1.0,1.5,1242,494,748,39.8,37.1-42.5,True,1242,1228
NASDAQ,D1,1.0,2.0,1240,652,588,52.6,49.8-55.3,True,1242,1228
NASDAQ,D1,1.0,3.0,1236,813,423,65.8,63.1-68.4,True,1242,1228
NG,H4,0.2,1.0,5930,5709,221,96.3,95.8-96.7,True,5930,1158
NG,H4,0.2,1.5,5930,5755,175,97.0,96.6-97.5,True,5930,1158
NG,H4,0.2,2.0,5930,5786,144,97.6,97.1-97.9,True,5930,1158
NG,H4,0.2,3.0,5929,5818,111,98.1,97.8-98.4,True,5930,1158
NG,H4,0.3,1.0,5494,5196,298,94.6,93.9-95.1,True,5494,1594
NG,H4,0.3,1.5,5494,5272,222,96.0,95.4-96.4,True,5494,1594
NG,H4,0.3,2.0,5494,5308,186,96.6,96.1-97.1,True,5494,1594
NG,H4,0.3,3.0,5493,5347,146,97.3,96.9-97.7,True,5494,1594
NG,H4,0.5,1.0,4786,4226,560,88.3,87.4-89.2,True,4786,2302
NG,H4,0.5,1.5,4786,4379,407,91.5,90.7-92.3,True,4786,2302
NG,H4,0.5,2.0,4786,4450,336,93.0,92.2-93.7,True,4786,2302
NG,H4,0.5,3.0,4785,4544,241,95.0,94.3-95.5,True,4786,2302
NG,H4,0.8,1.0,4017,2993,1024,74.5,73.1-75.8,True,4017,3071
NG,H4,0.8,1.5,4017,3251,766,80.9,79.7-82.1,True,4017,3071
NG,H4,0.8,2.0,4016,3397,619,84.6,83.4-85.7,True,4017,3071
NG,H4,0.8,3.0,4015,3589,426,89.4,88.4-90.3,True,4017,3071
NG,H4,1.0,1.0,3617,2207,1410,61.0,59.4-62.6,True,3617,3471
NG,H4,1.0,1.5,3617,2564,1053,70.9,69.4-72.3,True,3617,3471
NG,H4,1.0,2.0,3616,2784,832,77.0,75.6-78.3,True,3617,3471
NG,H4,1.0,3.0,3615,3033,582,83.9,82.7-85.1,True,3617,3471
NG,D1,0.2,1.0,2008,1770,238,88.1,86.7-89.5,True,2009,466
NG,D1,0.2,1.5,2007,1836,171,91.5,90.2-92.6,True,2009,466
NG,D1,0.2,2.0,2006,1876,130,93.5,92.4-94.5,True,2009,466
NG,D1,0.2,3.0,2006,1913,93,95.4,94.4-96.2,True,2009,466
NG,D1,0.3,1.0,1880,1601,279,85.2,83.5-86.7,True,1881,593
NG,D1,0.3,1.5,1879,1675,204,89.1,87.7-90.5,True,1881,593
NG,D1,0.3,2.0,1878,1719,159,91.5,90.2-92.7,True,1881,593
NG,D1,0.3,3.0,1878,1762,116,93.8,92.6-94.8,True,1881,593
NG,D1,0.5,1.0,1636,1219,417,74.5,72.3-76.6,True,1637,831
NG,D1,0.5,1.5,1635,1331,304,81.4,79.4-83.2,True,1637,831
NG,D1,0.5,2.0,1634,1394,240,85.3,83.5-86.9,True,1637,831
NG,D1,0.5,3.0,1634,1472,162,90.1,88.5-91.4,True,1637,831
NG,D1,0.8,1.0,1368,681,687,49.8,47.1-52.4,True,1372,1085
NG,D1,0.8,1.5,1365,864,501,63.3,60.7-65.8,True,1372,1085
NG,D1,0.8,2.0,1364,970,394,71.1,68.7-73.5,True,1372,1085
NG,D1,0.8,3.0,1364,1112,252,81.5,79.4-83.5,True,1372,1085
NG,D1,1.0,1.0,1226,317,909,25.9,23.5-28.4,True,1226,1222
NG,D1,1.0,1.5,1222,551,671,45.1,42.3-47.9,True,1226,1222
NG,D1,1.0,2.0,1220,699,521,57.3,54.5-60.0,True,1226,1222
NG,D1,1.0,3.0,1220,879,341,72.0,69.5-74.5,True,1226,1222
SILVER,H4,0.2,1.0,6133,6024,109,98.2,97.9-98.5,True,6133,1113
SILVER,H4,0.2,1.5,6133,6040,93,98.5,98.1-98.8,True,6133,1113
SILVER,H4,0.2,2.0,6133,6060,73,98.8,98.5-99.1,True,6133,1113
SILVER,H4,0.2,3.0,6133,6084,49,99.2,98.9-99.4,True,6133,1113
SILVER,H4,0.3,1.0,5688,5531,157,97.2,96.8-97.6,True,5688,1558
SILVER,H4,0.3,1.5,5688,5555,133,97.7,97.2-98.0,True,5688,1558
SILVER,H4,0.3,2.0,5688,5581,107,98.1,97.7-98.4,True,5688,1558
SILVER,H4,0.3,3.0,5688,5617,71,98.8,98.4-99.0,True,5688,1558
SILVER,H4,0.5,1.0,4979,4558,421,91.5,90.7-92.3,True,4979,2267
SILVER,H4,0.5,1.5,4979,4662,317,93.6,92.9-94.3,True,4979,2267
SILVER,H4,0.5,2.0,4979,4733,246,95.1,94.4-95.6,True,4979,2267
SILVER,H4,0.5,3.0,4979,4825,154,96.9,96.4-97.4,True,4979,2267
SILVER,H4,0.8,1.0,4147,3017,1130,72.8,71.4-74.1,True,4147,3099
SILVER,H4,0.8,1.5,4146,3322,824,80.1,78.9-81.3,True,4147,3099
SILVER,H4,0.8,2.0,4146,3499,647,84.4,83.3-85.5,True,4147,3099
SILVER,H4,0.8,3.0,4144,3713,431,89.6,88.6-90.5,True,4147,3099
SILVER,H4,1.0,1.0,3703,2078,1625,56.1,54.5-57.7,True,3703,3543
SILVER,H4,1.0,1.5,3702,2530,1172,68.3,66.8-69.8,True,3703,3543
SILVER,H4,1.0,2.0,3702,2769,933,74.8,73.4-76.2,True,3703,3543
SILVER,H4,1.0,3.0,3698,3073,625,83.1,81.9-84.3,True,3703,3543
SILVER,D1,0.2,1.0,1776,1147,629,64.6,62.3-66.8,True,1776,700
SILVER,D1,0.2,1.5,1776,1269,507,71.5,69.3-73.5,True,1776,700
SILVER,D1,0.2,2.0,1776,1360,416,76.6,74.6-78.5,True,1776,700
SILVER,D1,0.2,3.0,1775,1461,314,82.3,80.5-84.0,True,1776,700
SILVER,D1,0.3,1.0,1697,1034,663,60.9,58.6-63.2,True,1697,779
SILVER,D1,0.3,1.5,1697,1161,536,68.4,66.2-70.6,True,1697,779
SILVER,D1,0.3,2.0,1697,1260,437,74.2,72.1-76.3,True,1697,779
SILVER,D1,0.3,3.0,1696,1367,329,80.6,78.7-82.4,True,1697,779
SILVER,D1,0.5,1.0,1543,796,747,51.6,49.1-54.1,True,1543,933
SILVER,D1,0.5,1.5,1543,943,600,61.1,58.7-63.5,True,1543,933
SILVER,D1,0.5,2.0,1543,1052,491,68.2,65.8-70.5,True,1543,933
SILVER,D1,0.5,3.0,1542,1174,368,76.1,73.9-78.2,True,1543,933
SILVER,D1,0.8,1.0,1348,450,898,33.4,30.9-35.9,True,1348,1128
SILVER,D1,0.8,1.5,1348,633,715,47.0,44.3-49.6,True,1348,1128
SILVER,D1,0.8,2.0,1348,763,585,56.6,53.9-59.2,True,1348,1128
SILVER,D1,0.8,3.0,1345,907,438,67.4,64.9-69.9,True,1348,1128
SILVER,D1,1.0,1.0,1246,248,998,19.9,17.8-22.2,True,1246,1230
SILVER,D1,1.0,1.5,1246,455,791,36.5,33.9-39.2,True,1246,1230
SILVER,D1,1.0,2.0,1246,596,650,47.8,45.1-50.6,True,1246,1230
SILVER,D1,1.0,3.0,1243,759,484,61.1,58.3-63.7,True,1246,1230
SOL,H4,0.2,1.0,7061,6745,316,95.5,95.0-96.0,True,7061,1571
SOL,H4,0.2,1.5,7061,6820,241,96.6,96.1-97.0,True,7061,1571
SOL,H4,0.2,2.0,7061,6860,201,97.2,96.7-97.5,True,7061,1571
SOL,H4,0.2,3.0,7061,6918,143,98.0,97.6-98.3,True,7061,1571
SOL,H4,0.3,1.0,6541,6137,404,93.8,93.2-94.4,True,6541,2091
SOL,H4,0.3,1.5,6541,6231,310,95.3,94.7-95.7,True,6541,2091
SOL,H4,0.3,2.0,6541,6284,257,96.1,95.6-96.5,True,6541,2091
SOL,H4,0.3,3.0,6541,6355,186,97.2,96.7-97.5,True,6541,2091
SOL,H4,0.5,1.0,5687,4898,789,86.1,85.2-87.0,True,5687,2945
SOL,H4,0.5,1.5,5687,5105,582,89.8,89.0-90.5,True,5687,2945
SOL,H4,0.5,2.0,5687,5216,471,91.7,91.0-92.4,True,5687,2945
SOL,H4,0.5,3.0,5687,5337,350,93.8,93.2-94.4,True,5687,2945
SOL,H4,0.8,1.0,4794,3041,1753,63.4,62.1-64.8,True,4794,3838
SOL,H4,0.8,1.5,4794,3514,1280,73.3,72.0-74.5,True,4794,3838
SOL,H4,0.8,2.0,4794,3760,1034,78.4,77.2-79.6,True,4794,3838
SOL,H4,0.8,3.0,4794,4050,744,84.5,83.4-85.5,True,4794,3838
SOL,H4,1.0,1.0,4357,1975,2382,45.3,43.9-46.8,True,4357,4275
SOL,H4,1.0,1.5,4357,2623,1734,60.2,58.7-61.6,True,4357,4275
SOL,H4,1.0,2.0,4357,2969,1388,68.1,66.7-69.5,True,4357,4275
SOL,H4,1.0,3.0,4357,3378,979,77.5,76.3-78.7,True,4357,4275
SOL,D1,0.2,1.0,2982,2934,48,98.4,97.9-98.8,True,2982,634
SOL,D1,0.2,1.5,2982,2944,38,98.7,98.3-99.1,True,2982,634
SOL,D1,0.2,2.0,2982,2951,31,99.0,98.5-99.3,True,2982,634
SOL,D1,0.2,3.0,2981,2963,18,99.4,99.0-99.6,True,2982,634
SOL,D1,0.3,1.0,2751,2666,85,96.9,96.2-97.5,True,2751,865
SOL,D1,0.3,1.5,2751,2687,64,97.7,97.0-98.2,True,2751,865
SOL,D1,0.3,2.0,2751,2699,52,98.1,97.5-98.6,True,2751,865
SOL,D1,0.3,3.0,2747,2718,29,98.9,98.5-99.3,True,2751,865
SOL,D1,0.5,1.0,2432,2183,249,89.8,88.5-90.9,True,2432,1184
SOL,D1,0.5,1.5,2432,2248,184,92.4,91.3-93.4,True,2432,1184
SOL,D1,0.5,2.0,2432,2284,148,93.9,92.9-94.8,True,2432,1184
SOL,D1,0.5,3.0,2423,2322,101,95.8,95.0-96.6,True,2432,1184
SOL,D1,0.8,1.0,2022,1327,695,65.6,63.5-67.7,True,2022,1594
SOL,D1,0.8,1.5,2022,1510,512,74.7,72.7-76.5,True,2022,1594
SOL,D1,0.8,2.0,2021,1610,411,79.7,77.9-81.4,True,2022,1594
SOL,D1,0.8,3.0,2009,1722,287,85.7,84.1-87.2,True,2022,1594
SOL,D1,1.0,1.0,1818,815,1003,44.8,42.6-47.1,True,1818,1798
SOL,D1,1.0,1.5,1818,1078,740,59.3,57.0-61.5,True,1818,1798
SOL,D1,1.0,2.0,1816,1227,589,67.6,65.4-69.7,True,1818,1798
SOL,D1,1.0,3.0,1804,1387,417,76.9,74.9-78.8,True,1818,1798
SPX,H4,0.2,1.0,2646,2220,426,83.9,82.5-85.3,True,2646,730
SPX,H4,0.2,1.5,2646,2300,346,86.9,85.6-88.2,True,2646,730
SPX,H4,0.2,2.0,2646,2374,272,89.7,88.5-90.8,True,2646,730
SPX,H4,0.2,3.0,2645,2439,206,92.2,91.1-93.2,True,2646,730
SPX,H4,0.3,1.0,2476,1977,499,79.8,78.2-81.4,True,2476,900
SPX,H4,0.3,1.5,2476,2074,402,83.8,82.3-85.2,True,2476,900
SPX,H4,0.3,2.0,2476,2156,320,87.1,85.7-88.3,True,2476,900
SPX,H4,0.3,3.0,2475,2237,238,90.4,89.2-91.5,True,2476,900
SPX,H4,0.5,1.0,2177,1491,686,68.5,66.5-70.4,True,2177,1199
SPX,H4,0.5,1.5,2177,1647,530,75.7,73.8-77.4,True,2177,1199
SPX,H4,0.5,2.0,2177,1755,422,80.6,78.9-82.2,True,2177,1199
SPX,H4,0.5,3.0,2175,1863,312,85.7,84.1-87.1,True,2177,1199
SPX,H4,0.8,1.0,1853,877,976,47.3,45.1-49.6,True,1853,1523
SPX,H4,0.8,1.5,1853,1100,753,59.4,57.1-61.6,True,1853,1523
SPX,H4,0.8,2.0,1853,1253,600,67.6,65.5-69.7,True,1853,1523
SPX,H4,0.8,3.0,1850,1418,432,76.6,74.7-78.5,True,1853,1523
SPX,H4,1.0,1.0,1701,534,1167,31.4,29.2-33.6,True,1701,1675
SPX,H4,1.0,1.5,1701,802,899,47.1,44.8-49.5,True,1701,1675
SPX,H4,1.0,2.0,1701,982,719,57.7,55.4-60.1,True,1701,1675
SPX,H4,1.0,3.0,1698,1181,517,69.6,67.3-71.7,True,1701,1675
SPX,D1,0.2,1.0,1915,1513,402,79.0,77.1-80.8,True,1915,555
SPX,D1,0.2,1.5,1915,1625,290,84.9,83.2-86.4,True,1915,555
SPX,D1,0.2,2.0,1915,1693,222,88.4,86.9-89.8,True,1915,555
SPX,D1,0.2,3.0,1913,1759,154,91.9,90.6-93.1,True,1915,555
SPX,D1,0.3,1.0,1810,1372,438,75.8,73.8-77.7,True,1810,660
SPX,D1,0.3,1.5,1810,1492,318,82.4,80.6-84.1,True,1810,660
SPX,D1,0.3,2.0,1810,1566,244,86.5,84.9-88.0,True,1810,660
SPX,D1,0.3,3.0,1808,1637,171,90.5,89.1-91.8,True,1810,660
SPX,D1,0.5,1.0,1615,1052,563,65.1,62.8-67.4,True,1615,855
SPX,D1,0.5,1.5,1615,1208,407,74.8,72.6-76.9,True,1615,855
SPX,D1,0.5,2.0,1614,1299,315,80.5,78.5-82.3,True,1615,855
SPX,D1,0.5,3.0,1612,1393,219,86.4,84.7-88.0,True,1615,855
SPX,D1,0.8,1.0,1364,574,790,42.1,39.5-44.7,True,1364,1106
SPX,D1,0.8,1.5,1362,777,585,57.0,54.4-59.7,True,1364,1106
SPX,D1,0.8,2.0,1357,911,446,67.1,64.6-69.6,True,1364,1106
SPX,D1,0.8,3.0,1354,1056,298,78.0,75.7-80.1,True,1364,1106
SPX,D1,1.0,1.0,1248,279,969,22.4,20.1-24.8,True,1248,1222
SPX,D1,1.0,1.5,1245,527,718,42.3,39.6-45.1,True,1248,1222
SPX,D1,1.0,2.0,1240,701,539,56.5,53.8-59.3,True,1248,1222
SPX,D1,1.0,3.0,1236,875,361,70.8,68.2-73.3,True,1248,1222
USDJPY,H4,0.2,1.0,22926,22661,265,98.8,98.7-99.0,True,22926,4294
USDJPY,H4,0.2,1.5,22926,22720,206,99.1,99.0-99.2,True,22926,4294
USDJPY,H4,0.2,2.0,22926,22768,158,99.3,99.2-99.4,True,22926,4294
USDJPY,H4,0.2,3.0,22925,22823,102,99.6,99.5-99.6,True,22926,4294
USDJPY,H4,0.3,1.0,21320,20837,483,97.7,97.5-97.9,True,21320,5900
USDJPY,H4,0.3,1.5,21320,20955,365,98.3,98.1-98.5,True,21320,5900
USDJPY,H4,0.3,2.0,21320,21033,287,98.7,98.5-98.8,True,21320,5900
USDJPY,H4,0.3,3.0,21319,21129,190,99.1,99.0-99.2,True,21320,5900
USDJPY,H4,0.5,1.0,18569,17049,1520,91.8,91.4-92.2,True,18569,8651
USDJPY,H4,0.5,1.5,18569,17470,1099,94.1,93.7-94.4,True,18569,8651
USDJPY,H4,0.5,2.0,18569,17686,883,95.2,94.9-95.5,True,18569,8651
USDJPY,H4,0.5,3.0,18567,17969,598,96.8,96.5-97.0,True,18569,8651
USDJPY,H4,0.8,1.0,15441,10902,4539,70.6,69.9-71.3,True,15441,11779
USDJPY,H4,0.8,1.5,15441,12235,3206,79.2,78.6-79.9,True,15441,11779
USDJPY,H4,0.8,2.0,15440,12924,2516,83.7,83.1-84.3,True,15441,11779
USDJPY,H4,0.8,3.0,15437,13674,1763,88.6,88.1-89.1,True,15441,11779
USDJPY,H4,1.0,1.0,13883,7149,6734,51.5,50.7-52.3,True,13883,13337
USDJPY,H4,1.0,1.5,13881,9085,4796,65.4,64.7-66.2,True,13883,13337
USDJPY,H4,1.0,2.0,13880,10149,3731,73.1,72.4-73.9,True,13883,13337
USDJPY,H4,1.0,3.0,13878,11273,2605,81.2,80.6-81.9,True,13883,13337
USDJPY,D1,0.2,1.0,4215,4151,64,98.5,98.1-98.8,True,4215,853
USDJPY,D1,0.2,1.5,4214,4169,45,98.9,98.6-99.2,True,4215,853
USDJPY,D1,0.2,2.0,4214,4175,39,99.1,98.7-99.3,True,4215,853
USDJPY,D1,0.2,3.0,4213,4185,28,99.3,99.0-99.5,True,4215,853
USDJPY,D1,0.3,1.0,3880,3784,96,97.5,97.0-98.0,True,3880,1188
USDJPY,D1,0.3,1.5,3879,3813,66,98.3,97.8-98.7,True,3880,1188
USDJPY,D1,0.3,2.0,3879,3823,56,98.6,98.1-98.9,True,3880,1188
USDJPY,D1,0.3,3.0,3878,3837,41,98.9,98.6-99.2,True,3880,1188
USDJPY,D1,0.5,1.0,3394,3119,275,91.9,90.9-92.8,True,3394,1674
USDJPY,D1,0.5,1.5,3393,3199,194,94.3,93.4-95.0,True,3394,1674
USDJPY,D1,0.5,2.0,3393,3235,158,95.3,94.6-96.0,True,3394,1674
USDJPY,D1,0.5,3.0,3392,3281,111,96.7,96.1-97.3,True,3394,1674
USDJPY,D1,0.8,1.0,2864,2006,858,70.0,68.3-71.7,True,2864,2204
USDJPY,D1,0.8,1.5,2863,2232,631,78.0,76.4-79.4,True,2864,2204
USDJPY,D1,0.8,2.0,2863,2369,494,82.7,81.3-84.1,True,2864,2204
USDJPY,D1,0.8,3.0,2859,2508,351,87.7,86.5-88.9,True,2864,2204
USDJPY,D1,1.0,1.0,2568,1292,1276,50.3,48.4-52.2,True,2568,2500
USDJPY,D1,1.0,1.5,2567,1630,937,63.5,61.6-65.3,True,2568,2500
USDJPY,D1,1.0,2.0,2567,1837,730,71.6,69.8-73.3,True,2568,2500
USDJPY,D1,1.0,3.0,2562,2046,516,79.9,78.3-81.4,True,2568,2500
USDKZT,D1,0.2,1.0,217,121,96,55.8,49.1-62.2,True,217,101
USDKZT,D1,0.2,1.5,217,134,83,61.8,55.1-68.0,True,217,101
USDKZT,D1,0.2,2.0,217,141,76,65.0,58.4-71.0,True,217,101
USDKZT,D1,0.2,3.0,217,160,57,73.7,67.5-79.1,True,217,101
USDKZT,D1,0.3,1.0,210,107,103,51.0,44.2-57.6,True,210,108
USDKZT,D1,0.3,1.5,210,120,90,57.1,50.4-63.6,True,210,108
USDKZT,D1,0.3,2.0,210,127,83,60.5,53.7-66.8,True,210,108
USDKZT,D1,0.3,3.0,210,147,63,70.0,63.5-75.8,True,210,108
USDKZT,D1,0.5,1.0,193,69,124,35.8,29.3-42.7,True,193,125
USDKZT,D1,0.5,1.5,193,86,107,44.6,37.7-51.6,True,193,125
USDKZT,D1,0.5,2.0,193,96,97,49.7,42.8-56.7,True,193,125
USDKZT,D1,0.5,3.0,193,118,75,61.1,54.1-67.7,True,193,125
USDKZT,D1,0.8,1.0,172,39,133,22.7,17.1-29.5,True,172,146
USDKZT,D1,0.8,1.5,172,58,114,33.7,27.1-41.1,True,172,146
USDKZT,D1,0.8,2.0,172,68,104,39.5,32.5-47.0,True,172,146
USDKZT,D1,0.8,3.0,172,92,80,53.5,46.0-60.8,True,172,146
USDKZT,D1,1.0,1.0,160,13,147,8.1,4.8-13.4,True,160,158
USDKZT,D1,1.0,1.5,160,33,127,20.6,15.1-27.5,True,160,158
USDKZT,D1,1.0,2.0,160,44,116,27.5,21.2-34.9,True,160,158
USDKZT,D1,1.0,3.0,160,69,91,43.1,35.7-50.9,True,160,158
USDRUB,H4,0.2,1.0,10879,9785,1094,89.9,89.4-90.5,True,10879,2495
USDRUB,H4,0.2,1.5,10879,10083,796,92.7,92.2-93.2,True,10879,2495
USDRUB,H4,0.2,2.0,10879,10271,608,94.4,94.0-94.8,True,10879,2495
USDRUB,H4,0.2,3.0,10878,10460,418,96.2,95.8-96.5,True,10879,2495
USDRUB,H4,0.3,1.0,10272,9066,1206,88.3,87.6-88.9,True,10272,3102
USDRUB,H4,0.3,1.5,10272,9394,878,91.5,90.9-92.0,True,10272,3102
USDRUB,H4,0.3,2.0,10272,9595,677,93.4,92.9-93.9,True,10272,3102
USDRUB,H4,0.3,3.0,10271,9797,474,95.4,95.0-95.8,True,10272,3102
USDRUB,H4,0.5,1.0,9062,7408,1654,81.7,80.9-82.5,True,9062,4312
USDRUB,H4,0.5,1.5,9062,7879,1183,86.9,86.2-87.6,True,9062,4312
USDRUB,H4,0.5,2.0,9062,8140,922,89.8,89.2-90.4,True,9062,4312
USDRUB,H4,0.5,3.0,9061,8410,651,92.8,92.3-93.3,True,9062,4312
USDRUB,H4,0.8,1.0,7503,4609,2894,61.4,60.3-62.5,True,7503,5863
USDRUB,H4,0.8,1.5,7503,5428,2075,72.3,71.3-73.3,True,7503,5863
USDRUB,H4,0.8,2.0,7503,5853,1650,78.0,77.1-78.9,True,7503,5863
USDRUB,H4,0.8,3.0,7500,6341,1159,84.5,83.7-85.3,True,7503,5863
USDRUB,H4,1.0,1.0,6760,2797,3963,41.4,40.2-42.6,True,6760,6602
USDRUB,H4,1.0,1.5,6760,3963,2797,58.6,57.4-59.8,True,6760,6602
USDRUB,H4,1.0,2.0,6759,4555,2204,67.4,66.3-68.5,True,6760,6602
USDRUB,H4,1.0,3.0,6755,5216,1539,77.2,76.2-78.2,True,6760,6602
USDRUB,D1,0.2,1.0,3487,3022,465,86.7,85.5-87.8,True,3487,801
USDRUB,D1,0.2,1.5,3487,3148,339,90.3,89.3-91.2,True,3487,801
USDRUB,D1,0.2,2.0,3487,3223,264,92.4,91.5-93.3,True,3487,801
USDRUB,D1,0.2,3.0,3486,3313,173,95.0,94.3-95.7,True,3487,801
USDRUB,D1,0.3,1.0,3300,2792,508,84.6,83.3-85.8,True,3300,988
USDRUB,D1,0.3,1.5,3300,2924,376,88.6,87.5-89.6,True,3300,988
USDRUB,D1,0.3,2.0,3300,3005,295,91.1,90.0-92.0,True,3300,988
USDRUB,D1,0.3,3.0,3299,3099,200,93.9,93.1-94.7,True,3300,988
USDRUB,D1,0.5,1.0,2896,2242,654,77.4,75.9-78.9,True,2896,1392
USDRUB,D1,0.5,1.5,2896,2414,482,83.4,82.0-84.7,True,2896,1392
USDRUB,D1,0.5,2.0,2896,2517,379,86.9,85.6-88.1,True,2896,1392
USDRUB,D1,0.5,3.0,2891,2633,258,91.1,90.0-92.1,True,2896,1392
USDRUB,D1,0.8,1.0,2418,1236,1182,51.1,49.1-53.1,True,2418,1870
USDRUB,D1,0.8,1.5,2417,1536,881,63.5,61.6-65.4,True,2418,1870
USDRUB,D1,0.8,2.0,2417,1705,712,70.5,68.7-72.3,True,2418,1870
USDRUB,D1,0.8,3.0,2404,1927,477,80.2,78.5-81.7,True,2418,1870
USDRUB,D1,1.0,1.0,2170,647,1523,29.8,27.9-31.8,True,2170,2118
USDRUB,D1,1.0,1.5,2169,1041,1128,48.0,45.9-50.1,True,2170,2118
USDRUB,D1,1.0,2.0,2168,1260,908,58.1,56.0-60.2,True,2170,2118
USDRUB,D1,1.0,3.0,2150,1533,617,71.3,69.4-73.2,True,2170,2118
WTI,H4,0.2,1.0,6015,5834,181,97.0,96.5-97.4,True,6015,1161
WTI,H4,0.2,1.5,6015,5870,145,97.6,97.2-97.9,True,6015,1161
WTI,H4,0.2,2.0,6015,5892,123,98.0,97.6-98.3,True,6015,1161
WTI,H4,0.2,3.0,6015,5928,87,98.6,98.2-98.8,True,6015,1161
WTI,H4,0.3,1.0,5590,5329,261,95.3,94.7-95.9,True,5590,1586
WTI,H4,0.3,1.5,5590,5385,205,96.3,95.8-96.8,True,5590,1586
WTI,H4,0.3,2.0,5590,5424,166,97.0,96.6-97.4,True,5590,1586
WTI,H4,0.3,3.0,5590,5473,117,97.9,97.5-98.3,True,5590,1586
WTI,H4,0.5,1.0,4882,4328,554,88.7,87.7-89.5,True,4882,2294
WTI,H4,0.5,1.5,4882,4465,417,91.5,90.6-92.2,True,4882,2294
WTI,H4,0.5,2.0,4882,4539,343,93.0,92.2-93.7,True,4882,2294
WTI,H4,0.5,3.0,4881,4643,238,95.1,94.5-95.7,True,4882,2294
WTI,H4,0.8,1.0,4067,2819,1248,69.3,67.9-70.7,True,4067,3109
WTI,H4,0.8,1.5,4067,3146,921,77.4,76.0-78.6,True,4067,3109
WTI,H4,0.8,2.0,4067,3318,749,81.6,80.4-82.7,True,4067,3109
WTI,H4,0.8,3.0,4066,3560,506,87.6,86.5-88.5,True,4067,3109
WTI,H4,1.0,1.0,3640,1942,1698,53.4,51.7-55.0,True,3640,3536
WTI,H4,1.0,1.5,3639,2376,1263,65.3,63.7-66.8,True,3640,3536
WTI,H4,1.0,2.0,3639,2631,1008,72.3,70.8-73.7,True,3640,3536
WTI,H4,1.0,3.0,3638,2976,662,81.8,80.5-83.0,True,3640,3536
WTI,D1,0.2,1.0,2037,1890,147,92.8,91.6-93.8,True,2037,439
WTI,D1,0.2,1.5,2037,1932,105,94.8,93.8-95.7,True,2037,439
WTI,D1,0.2,2.0,2037,1963,74,96.4,95.5-97.1,True,2037,439
WTI,D1,0.2,3.0,2037,1994,43,97.9,97.2-98.4,True,2037,439
WTI,D1,0.3,1.0,1908,1743,165,91.4,90.0-92.5,True,1908,568
WTI,D1,0.3,1.5,1908,1795,113,94.1,92.9-95.1,True,1908,568
WTI,D1,0.3,2.0,1908,1831,77,96.0,95.0-96.8,True,1908,568
WTI,D1,0.3,3.0,1908,1863,45,97.6,96.9-98.2,True,1908,568
WTI,D1,0.5,1.0,1647,1375,272,83.5,81.6-85.2,True,1647,829
WTI,D1,0.5,1.5,1647,1464,183,88.9,87.3-90.3,True,1647,829
WTI,D1,0.5,2.0,1647,1521,126,92.3,91.0-93.5,True,1647,829
WTI,D1,0.5,3.0,1647,1569,78,95.3,94.1-96.2,True,1647,829
WTI,D1,0.8,1.0,1395,790,605,56.6,54.0-59.2,True,1395,1081
WTI,D1,0.8,1.5,1395,999,396,71.6,69.2-73.9,True,1395,1081
WTI,D1,0.8,2.0,1395,1111,284,79.6,77.4-81.7,True,1395,1081
WTI,D1,0.8,3.0,1395,1227,168,88.0,86.1-89.6,True,1395,1081
WTI,D1,1.0,1.0,1245,415,830,33.3,30.8-36.0,True,1245,1231
WTI,D1,1.0,1.5,1245,691,554,55.5,52.7-58.2,True,1245,1231
WTI,D1,1.0,2.0,1245,841,404,67.6,64.9-70.1,True,1245,1231
WTI,D1,1.0,3.0,1245,1005,240,80.7,78.4-82.8,True,1245,1231
