symbol,tf,best_is_fast,best_is_slow,is_net,is_agree,oos_net,oos_agree,oos_rank,oos_of
BTC,H1,5,50,179.2766,0.5015,59.2544,0.4842,13,61
BTC,H4,50,200,63.7998,0.5135,-6.1162,0.4894,53,61
BTC,D1,10,30,20.7258,0.5006,23.2348,0.5077,41,61
DJI,H1,5,30,118.6992,0.5241,-45.1655,0.5085,56,61
DJI,H4,5,80,46.7646,0.5058,33.2044,0.5064,2,61
DJI,D1,5,20,8.8027,0.5387,9.8012,0.5231,51,61
DXY,H1,8,20,91.8087,0.4873,-26.7803,0.4875,58,61
DXY,H4,40,80,81.8674,0.508,-11.9715,0.4871,28,61
DXY,D1,12,30,23.2638,0.5151,5.125,0.4761,10,61
ETH,H1,20,30,163.2922,0.4882,62.5861,0.4895,8,61
ETH,H4,15,150,55.5902,0.5057,3.9785,0.5,37,61
ETH,D1,5,20,11.5583,0.4882,30.1068,0.5066,2,61
EURUSD,H1,20,150,72.6728,0.4486,16.5334,0.4564,16,61
EURUSD,H4,50,200,36.7071,0.4793,18.5783,0.4922,10,61
EURUSD,D1,10,50,19.1077,0.4933,5.371,0.4631,13,61
GBPUSD,H1,50,150,49.4306,0.4661,-80.3597,0.4769,53,61
GBPUSD,H4,30,100,37.5084,0.4755,20.2872,0.4899,2,61
GBPUSD,D1,25,30,25.4951,0.5516,4.4924,0.4923,5,61
GOLD,H1,5,20,157.2095,0.4985,106.4901,0.4966,5,61
GOLD,H4,15,30,48.9601,0.533,51.3066,0.5228,29,61
GOLD,D1,50,100,12.6947,0.5208,73.5291,0.5723,28,61
NASDAQ,H1,25,200,39.2298,0.5267,61.1163,0.5293,9,61
NASDAQ,H4,40,150,37.1224,0.569,5.8737,0.5264,40,61
NASDAQ,D1,40,150,27.0775,0.5514,18.4094,0.5534,31,61
NG,H1,50,100,111.8589,0.4909,22.0892,0.4957,6,61
NG,H4,20,30,45.0068,0.5128,-28.3176,0.4941,42,61
NG,D1,15,150,5.5084,0.4948,-24.4717,0.4865,52,61
SILVER,H1,15,20,63.346,0.4943,85.2463,0.5013,35,61
SILVER,H4,20,30,16.4608,0.4888,58.7619,0.5217,15,61
SILVER,D1,25,150,-11.2826,0.4854,55.0846,0.5533,9,61
SOL,H1,20,50,192.9319,0.4982,38.6047,0.4865,13,61
SOL,H4,12,20,57.6605,0.4937,-17.0064,0.4765,46,61
SOL,D1,15,20,55.656,0.505,1.2372,0.4923,38,61
SPX,H1,20,80,68.475,0.5246,5.9885,0.5167,49,61
SPX,H4,50,150,41.5647,0.5676,-0.7758,0.5334,53,61
SPX,D1,5,20,17.9213,0.5189,-0.2726,0.5199,61,61
USDJPY,H1,20,30,238.0683,0.5004,83.5785,0.5006,13,61
USDJPY,H4,5,20,60.8386,0.5026,-0.3727,0.5039,54,61
USDJPY,D1,30,100,40.5341,0.517,11.5502,0.5474,45,61
USDRUB,H1,5,20,238.9217,0.508,-348.9879,0.4482,61,61
USDRUB,H4,8,150,69.4142,0.5011,31.4184,0.5013,42,61
USDRUB,D1,40,50,42.9064,0.4937,24.3385,0.5028,19,61
WTI,H1,15,30,42.2427,0.4903,14.344,0.4876,40,61
WTI,H4,5,20,6.4442,0.4874,-2.5038,0.4975,22,61
WTI,D1,5,100,17.5528,0.5076,-14.5452,0.4674,44,61
