asset,period,hour_utc,median_range,share_of_day,n
GOLD,2026-06,0,14.19995,0.1688,44
GOLD,2026-06,1,20.55005,0.2444,44
GOLD,2026-06,2,13.8999,0.1653,44
GOLD,2026-06,3,11.1001,0.132,44
GOLD,2026-06,4,10.4502,0.1243,42
GOLD,2026-06,5,12.34985,0.1468,42
GOLD,2026-06,6,13.09995,0.1558,42
GOLD,2026-06,7,12.19995,0.1451,42
GOLD,2026-06,8,11.7999,0.1403,42
GOLD,2026-06,9,10.55,0.1254,42
GOLD,2026-06,10,9.49985,0.113,42
GOLD,2026-06,11,11.65015,0.1385,42
GOLD,2026-06,12,14.75,0.1754,42
GOLD,2026-06,13,21.80005,0.2592,42
GOLD,2026-06,14,21.5,0.2556,42
GOLD,2026-06,15,16.6499,0.198,42
GOLD,2026-06,16,11.25,0.1338,42
GOLD,2026-06,17,10.15015,0.1207,42
GOLD,2026-06,18,10.55005,0.1254,42
GOLD,2026-06,19,10.40015,0.1237,42
GOLD,2026-06,20,7.09985,0.0844,42
GOLD,2026-06,22,10.80005,0.1284,44
GOLD,2026-06,23,10.80005,0.1284,44
GOLD,2026-07,0,13.34995,0.1586,46
GOLD,2026-07,1,15.25,0.1811,46
GOLD,2026-07,2,10.15015,0.1205,46
GOLD,2026-07,3,8.6499,0.1027,46
GOLD,2026-07,4,6.94995,0.0825,44
GOLD,2026-07,5,10.2002,0.1211,44
GOLD,2026-07,6,9.95,0.1182,44
GOLD,2026-07,7,10.1499,0.1205,44
GOLD,2026-07,8,9.65015,0.1146,44
GOLD,2026-07,9,8.45005,0.1004,44
GOLD,2026-07,10,7.65015,0.0909,44
GOLD,2026-07,11,9.64995,0.1146,44
GOLD,2026-07,12,14.4499,0.1716,44
GOLD,2026-07,13,19.7501,0.2346,44
GOLD,2026-07,14,14.75,0.1752,44
GOLD,2026-07,15,12.8501,0.1526,44
GOLD,2026-07,16,10.45005,0.1241,44
GOLD,2026-07,17,8.85,0.1051,44
GOLD,2026-07,18,8.6,0.1021,44
GOLD,2026-07,19,9.15,0.1087,44
GOLD,2026-07,20,7.25025,0.0861,44
GOLD,2026-07,22,6.50005,0.0772,44
GOLD,2026-07,23,7.3999,0.0879,44
AUDUSD,2026-06,0,0.0005,0.1299,44
AUDUSD,2026-06,1,0.0006,0.1558,44
AUDUSD,2026-06,2,0.0005,0.1299,44
AUDUSD,2026-06,3,0.0004,0.1039,44
AUDUSD,2026-06,4,0.0004,0.1039,44
AUDUSD,2026-06,5,0.0005,0.1299,44
AUDUSD,2026-06,6,0.0006,0.1558,44
AUDUSD,2026-06,7,0.00055,0.1429,44
AUDUSD,2026-06,8,0.0005,0.1299,44
AUDUSD,2026-06,9,0.0004,0.1039,44
AUDUSD,2026-06,10,0.0004,0.1039,44
AUDUSD,2026-06,11,0.0004,0.1039,44
AUDUSD,2026-06,12,0.0005,0.1299,44
AUDUSD,2026-06,13,0.0007,0.1818,44
AUDUSD,2026-06,14,0.0008,0.2078,44
AUDUSD,2026-06,15,0.00065,0.1688,44
AUDUSD,2026-06,16,0.0004,0.1039,44
AUDUSD,2026-06,17,0.0003,0.0779,44
AUDUSD,2026-06,18,0.0003,0.0779,44
AUDUSD,2026-06,19,0.0004,0.1039,44
AUDUSD,2026-06,20,0.0002,0.0519,44
AUDUSD,2026-06,21,0.0004,0.1039,40
AUDUSD,2026-06,22,0.0002,0.0519,36
AUDUSD,2026-06,23,0.00045,0.1169,44
AUDUSD,2026-07,0,0.0005,0.1429,46
AUDUSD,2026-07,1,0.0005,0.1429,46
AUDUSD,2026-07,2,0.0005,0.1429,46
AUDUSD,2026-07,3,0.0004,0.1143,46
AUDUSD,2026-07,4,0.0003,0.0857,46
AUDUSD,2026-07,5,0.0004,0.1143,46
AUDUSD,2026-07,6,0.0005,0.1429,46
AUDUSD,2026-07,7,0.00055,0.1571,46
AUDUSD,2026-07,8,0.0004,0.1143,46
AUDUSD,2026-07,9,0.0003,0.0857,46
AUDUSD,2026-07,10,0.0004,0.1143,46
AUDUSD,2026-07,11,0.0004,0.1143,46
AUDUSD,2026-07,12,0.0005,0.1429,46
AUDUSD,2026-07,13,0.0006,0.1714,46
AUDUSD,2026-07,14,0.0006,0.1714,46
AUDUSD,2026-07,15,0.0004,0.1143,46
AUDUSD,2026-07,16,0.0004,0.1143,46
AUDUSD,2026-07,17,0.0004,0.1143,46
AUDUSD,2026-07,18,0.0003,0.0857,46
AUDUSD,2026-07,19,0.0003,0.0857,46
AUDUSD,2026-07,20,0.0002,0.0571,46
AUDUSD,2026-07,21,0.0005,0.1429,42
AUDUSD,2026-07,22,0.0002,0.0571,36
AUDUSD,2026-07,23,0.0002,0.0571,44
BTC,2026-06,0,215.46485,0.1066,46
BTC,2026-06,1,248.11135,0.1227,46
BTC,2026-06,2,248.3281,0.1228,46
BTC,2026-06,3,202.2461,0.1,46
BTC,2026-06,4,192.62305,0.0953,46
BTC,2026-06,5,207.95505,0.1028,46
BTC,2026-06,6,187.6953,0.0928,46
BTC,2026-06,7,193.35935,0.0956,46
BTC,2026-06,8,201.54295,0.0997,46
BTC,2026-06,9,171.83005,0.085,46
BTC,2026-06,10,185.3418,0.0917,46
BTC,2026-06,11,212.66015,0.1052,46
BTC,2026-06,12,277.4648,0.1372,46
BTC,2026-06,13,357.8242,0.177,46
BTC,2026-06,14,389.1738,0.1925,46
BTC,2026-06,15,331.75975,0.1641,46
BTC,2026-06,16,301.123,0.1489,46
BTC,2026-06,17,271.48045,0.1343,46
BTC,2026-06,18,235.0566,0.1162,46
BTC,2026-06,19,220.86525,0.1092,46
BTC,2026-06,20,196.625,0.0972,46
BTC,2026-06,21,213.00975,0.1053,46
BTC,2026-06,22,220.39455,0.109,46
BTC,2026-06,23,177.0313,0.0875,46
BTC,2026-07,0,219.8125,0.1349,62
BTC,2026-07,1,232.72655,0.1428,62
BTC,2026-07,2,199.0312,0.1221,61
BTC,2026-07,3,175.66015,0.1078,60
BTC,2026-07,4,142.4785,0.0874,60
BTC,2026-07,5,165.9199,0.1018,60
BTC,2026-07,6,161.30075,0.099,60
BTC,2026-07,7,141.08005,0.0866,60
BTC,2026-07,8,159.54885,0.0979,60
BTC,2026-07,9,148.9082,0.0914,60
BTC,2026-07,10,131.52535,0.0807,60
BTC,2026-07,11,133.78125,0.0821,60
BTC,2026-07,12,191.9687,0.1178,60
BTC,2026-07,13,285.8379,0.1754,60
BTC,2026-07,14,322.96685,0.1981,60
BTC,2026-07,15,265.0547,0.1626,60
BTC,2026-07,16,223.998,0.1374,60
BTC,2026-07,17,212.6055,0.1304,60
BTC,2026-07,18,182.89065,0.1122,60
BTC,2026-07,19,154.18165,0.0946,60
BTC,2026-07,20,141.0156,0.0865,60
BTC,2026-07,21,152.7656,0.0937,60
BTC,2026-07,22,161.06835,0.0988,60
BTC,2026-07,23,162.21095,0.0995,60
DJI,2026-06,14,162.043,0.2839,42
DJI,2026-06,15,118.5547,0.2077,42
DJI,2026-06,16,81.14455,0.1422,42
DJI,2026-06,17,93.3106,0.1635,42
DJI,2026-06,18,89.27145,0.1564,42
DJI,2026-06,19,97.10355,0.1701,42
DJI,2026-07,14,143.52345,0.2804,44
DJI,2026-07,15,112.88865,0.2205,44
DJI,2026-07,16,102.8301,0.2009,44
DJI,2026-07,17,81.91995,0.16,44
DJI,2026-07,18,71.72075,0.1401,44
DJI,2026-07,19,77.0058,0.1504,44
DXY,2026-06,0,0.044,0.1183,44
DXY,2026-06,1,0.0445,0.1196,44
DXY,2026-06,2,0.036,0.0968,44
DXY,2026-06,3,0.036,0.0968,44
DXY,2026-06,4,0.0315,0.0847,42
DXY,2026-06,5,0.0425,0.1142,42
DXY,2026-06,6,0.0615,0.1653,42
DXY,2026-06,7,0.066,0.1774,42
DXY,2026-06,8,0.0645,0.1734,42
DXY,2026-06,9,0.056,0.1505,42
DXY,2026-06,10,0.0515,0.1384,42
DXY,2026-06,11,0.057,0.1532,42
DXY,2026-06,12,0.0645,0.1734,42
DXY,2026-06,13,0.085,0.2285,42
DXY,2026-06,14,0.0885,0.2379,42
DXY,2026-06,15,0.075,0.2016,42
DXY,2026-06,16,0.0545,0.1465,42
DXY,2026-06,17,0.043,0.1156,42
DXY,2026-06,18,0.0405,0.1089,42
DXY,2026-06,19,0.046,0.1237,42
DXY,2026-06,20,0.0285,0.0766,42
DXY,2026-06,21,0.0285,0.0766,36
DXY,2026-07,0,0.0495,0.1296,46
DXY,2026-07,1,0.045,0.1178,46
DXY,2026-07,2,0.0405,0.106,46
DXY,2026-07,3,0.0325,0.0851,46
DXY,2026-07,4,0.03,0.0785,44
DXY,2026-07,5,0.039,0.1021,44
DXY,2026-07,6,0.058,0.1518,44
DXY,2026-07,7,0.0605,0.1584,44
DXY,2026-07,8,0.058,0.1518,44
DXY,2026-07,9,0.048,0.1257,44
DXY,2026-07,10,0.0535,0.1401,44
DXY,2026-07,11,0.056,0.1466,44
DXY,2026-07,12,0.071,0.1859,44
DXY,2026-07,13,0.082,0.2147,44
DXY,2026-07,14,0.0825,0.216,44
DXY,2026-07,15,0.0645,0.1688,44
DXY,2026-07,16,0.0525,0.1374,44
DXY,2026-07,17,0.0455,0.1191,44
DXY,2026-07,18,0.036,0.0942,44
DXY,2026-07,19,0.0375,0.0982,44
DXY,2026-07,20,0.027,0.0707,44
DXY,2026-07,21,0.0255,0.0668,36
ETH,2026-06,0,6.77,0.0935,46
ETH,2026-06,1,8.61505,0.119,46
ETH,2026-06,2,7.705,0.1064,46
ETH,2026-06,3,6.42,0.0887,46
ETH,2026-06,4,6.77,0.0935,46
ETH,2026-06,5,6.74005,0.0931,46
ETH,2026-06,6,5.94505,0.0821,46
ETH,2026-06,7,5.77505,0.0798,46
ETH,2026-06,8,6.84995,0.0946,46
ETH,2026-06,9,6.105,0.0843,46
ETH,2026-06,10,5.98,0.0826,46
ETH,2026-06,11,8.08,0.1116,46
ETH,2026-06,12,8.815,0.1218,46
ETH,2026-06,13,12.42005,0.1715,46
ETH,2026-06,14,12.325,0.1702,46
ETH,2026-06,15,12.435,0.1718,46
ETH,2026-06,16,10.16,0.1403,46
ETH,2026-06,17,9.755,0.1347,46
ETH,2026-06,18,7.78505,0.1075,46
ETH,2026-06,19,7.18,0.0992,46
ETH,2026-06,20,7.37,0.1018,46
ETH,2026-06,21,6.84005,0.0945,46
ETH,2026-06,22,8.255,0.114,46
ETH,2026-06,23,6.23495,0.0861,46
ETH,2026-07,0,7.8151,0.1166,62
ETH,2026-07,1,10.23995,0.1528,62
ETH,2026-07,2,7.62,0.1137,61
ETH,2026-07,3,7.39005,0.1103,60
ETH,2026-07,4,5.8,0.0866,60
ETH,2026-07,5,6.67995,0.0997,60
ETH,2026-07,6,6.34495,0.0947,60
ETH,2026-07,7,5.83495,0.0871,60
ETH,2026-07,8,6.44495,0.0962,60
ETH,2026-07,9,5.73005,0.0855,60
ETH,2026-07,10,5.33505,0.0796,60
ETH,2026-07,11,5.705,0.0851,60
ETH,2026-07,12,7.99495,0.1193,60
ETH,2026-07,13,11.465,0.1711,60
ETH,2026-07,14,12.055,0.1799,60
ETH,2026-07,15,9.78495,0.146,60
ETH,2026-07,16,8.37,0.1249,60
ETH,2026-07,17,8.435,0.1259,60
ETH,2026-07,18,7.25,0.1082,60
ETH,2026-07,19,6.705,0.1001,60
ETH,2026-07,20,5.23495,0.0781,60
ETH,2026-07,21,5.43,0.081,60
ETH,2026-07,22,6.21,0.0927,60
ETH,2026-07,23,7.07995,0.1057,60
EURGBP,2026-06,0,0.0002,0.1,44
EURGBP,2026-06,1,0.00025,0.125,44
EURGBP,2026-06,2,0.0002,0.1,44
EURGBP,2026-06,3,0.0002,0.1,44
EURGBP,2026-06,4,0.0002,0.1,44
EURGBP,2026-06,5,0.0002,0.1,44
EURGBP,2026-06,6,0.0004,0.2,44
EURGBP,2026-06,7,0.00045,0.225,44
EURGBP,2026-06,8,0.0004,0.2,44
EURGBP,2026-06,9,0.0004,0.2,44
EURGBP,2026-06,10,0.0004,0.2,44
EURGBP,2026-06,11,0.0004,0.2,44
EURGBP,2026-06,12,0.0005,0.25,44
EURGBP,2026-06,13,0.0005,0.25,44
EURGBP,2026-06,14,0.0006,0.3,44
EURGBP,2026-06,15,0.0004,0.2,44
EURGBP,2026-06,16,0.0003,0.15,44
EURGBP,2026-06,17,0.0003,0.15,44
EURGBP,2026-06,18,0.00025,0.125,44
EURGBP,2026-06,19,0.0002,0.1,44
EURGBP,2026-06,20,0.0004,0.2,44
EURGBP,2026-06,21,0.0009,0.45,41
EURGBP,2026-06,22,0.00035,0.175,36
EURGBP,2026-06,23,0.0002,0.1,44
EURGBP,2026-07,0,0.0002,0.08,46
EURGBP,2026-07,1,0.0002,0.08,46
EURGBP,2026-07,2,0.0002,0.08,46
EURGBP,2026-07,3,0.0002,0.08,46
EURGBP,2026-07,4,0.0002,0.08,46
EURGBP,2026-07,5,0.0002,0.08,46
EURGBP,2026-07,6,0.0004,0.16,46
EURGBP,2026-07,7,0.0005,0.2,46
EURGBP,2026-07,8,0.0005,0.2,46
EURGBP,2026-07,9,0.0004,0.16,46
EURGBP,2026-07,10,0.0004,0.16,46
EURGBP,2026-07,11,0.0005,0.2,46
EURGBP,2026-07,12,0.0006,0.24,46
EURGBP,2026-07,13,0.0006,0.24,46
EURGBP,2026-07,14,0.0006,0.24,46
EURGBP,2026-07,15,0.0005,0.2,46
EURGBP,2026-07,16,0.00035,0.14,46
EURGBP,2026-07,17,0.0003,0.12,46
EURGBP,2026-07,18,0.00025,0.1,46
EURGBP,2026-07,19,0.0002,0.08,46
EURGBP,2026-07,20,0.0004,0.16,46
EURGBP,2026-07,21,0.001,0.4,41
EURGBP,2026-07,22,0.00035,0.14,36
EURGBP,2026-07,23,0.0002,0.08,44
EURUSD,2026-06,0,0.0004,0.0769,44
EURUSD,2026-06,1,0.0005,0.0962,44
EURUSD,2026-06,2,0.0004,0.0769,44
EURUSD,2026-06,3,0.0004,0.0769,44
EURUSD,2026-06,4,0.0004,0.0769,44
EURUSD,2026-06,5,0.00045,0.0865,44
EURUSD,2026-06,6,0.00075,0.1442,44
EURUSD,2026-06,7,0.0008,0.1538,44
EURUSD,2026-06,8,0.0008,0.1538,44
EURUSD,2026-06,9,0.00065,0.125,44
EURUSD,2026-06,10,0.0006,0.1154,44
EURUSD,2026-06,11,0.0007,0.1346,44
EURUSD,2026-06,12,0.0008,0.1538,44
EURUSD,2026-06,13,0.001,0.1923,44
EURUSD,2026-06,14,0.00095,0.1827,44
EURUSD,2026-06,15,0.0008,0.1538,44
EURUSD,2026-06,16,0.00065,0.125,44
EURUSD,2026-06,17,0.0005,0.0962,44
EURUSD,2026-06,18,0.0005,0.0962,44
EURUSD,2026-06,19,0.0005,0.0962,44
EURUSD,2026-06,20,0.00035,0.0673,44
EURUSD,2026-06,21,0.0007,0.1346,40
EURUSD,2026-06,22,0.0003,0.0577,36
EURUSD,2026-06,23,0.0004,0.0769,44
EURUSD,2026-07,0,0.0006,0.1304,46
EURUSD,2026-07,1,0.0005,0.1087,46
EURUSD,2026-07,2,0.0004,0.087,46
EURUSD,2026-07,3,0.0004,0.087,46
EURUSD,2026-07,4,0.0003,0.0652,46
EURUSD,2026-07,5,0.0004,0.087,46
EURUSD,2026-07,6,0.0006,0.1304,46
EURUSD,2026-07,7,0.00065,0.1413,46
EURUSD,2026-07,8,0.00065,0.1413,46
EURUSD,2026-07,9,0.0006,0.1304,46
EURUSD,2026-07,10,0.0006,0.1304,46
EURUSD,2026-07,11,0.0007,0.1522,46
EURUSD,2026-07,12,0.0008,0.1739,46
EURUSD,2026-07,13,0.0009,0.1957,46
EURUSD,2026-07,14,0.0009,0.1957,46
EURUSD,2026-07,15,0.0007,0.1522,46
EURUSD,2026-07,16,0.0005,0.1087,46
EURUSD,2026-07,17,0.0005,0.1087,46
EURUSD,2026-07,18,0.0004,0.087,46
EURUSD,2026-07,19,0.00035,0.0761,46
EURUSD,2026-07,20,0.0003,0.0652,46
EURUSD,2026-07,21,0.0007,0.1522,41
EURUSD,2026-07,22,0.0003,0.0652,36
EURUSD,2026-07,23,0.0003,0.0652,44
GBPUSD,2026-06,0,0.0006,0.0937,44
GBPUSD,2026-06,1,0.0007,0.1094,44
GBPUSD,2026-06,2,0.0005,0.0781,44
GBPUSD,2026-06,3,0.0005,0.0781,44
GBPUSD,2026-06,4,0.00045,0.0703,44
GBPUSD,2026-06,5,0.0006,0.0937,44
GBPUSD,2026-06,6,0.0009,0.1406,44
GBPUSD,2026-06,7,0.001,0.1563,44
GBPUSD,2026-06,8,0.001,0.1562,44
GBPUSD,2026-06,9,0.0008,0.125,44
GBPUSD,2026-06,10,0.0008,0.125,44
GBPUSD,2026-06,11,0.0008,0.125,44
GBPUSD,2026-06,12,0.001,0.1563,44
GBPUSD,2026-06,13,0.0011,0.1719,44
GBPUSD,2026-06,14,0.00135,0.2109,44
GBPUSD,2026-06,15,0.001,0.1563,44
GBPUSD,2026-06,16,0.0008,0.125,44
GBPUSD,2026-06,17,0.00055,0.0859,44
GBPUSD,2026-06,18,0.0006,0.0937,44
GBPUSD,2026-06,19,0.0006,0.0938,44
GBPUSD,2026-06,20,0.0005,0.0781,44
GBPUSD,2026-06,21,0.0008,0.125,40
GBPUSD,2026-06,22,0.0004,0.0625,36
GBPUSD,2026-06,23,0.0005,0.0781,44
GBPUSD,2026-07,0,0.0007,0.1014,46
GBPUSD,2026-07,1,0.0006,0.087,46
GBPUSD,2026-07,2,0.0005,0.0725,46
GBPUSD,2026-07,3,0.0005,0.0725,46
GBPUSD,2026-07,4,0.0004,0.058,46
GBPUSD,2026-07,5,0.0005,0.0725,46
GBPUSD,2026-07,6,0.0009,0.1304,46
GBPUSD,2026-07,7,0.001,0.1449,46
GBPUSD,2026-07,8,0.0009,0.1304,46
GBPUSD,2026-07,9,0.0008,0.1159,46
GBPUSD,2026-07,10,0.0008,0.1159,46
GBPUSD,2026-07,11,0.0009,0.1304,46
GBPUSD,2026-07,12,0.001,0.1449,46
GBPUSD,2026-07,13,0.0013,0.1884,46
GBPUSD,2026-07,14,0.0012,0.1739,46
GBPUSD,2026-07,15,0.00095,0.1377,46
GBPUSD,2026-07,16,0.00085,0.1232,46
GBPUSD,2026-07,17,0.0006,0.087,46
GBPUSD,2026-07,18,0.00055,0.0797,46
GBPUSD,2026-07,19,0.0005,0.0725,46
GBPUSD,2026-07,20,0.0004,0.058,46
GBPUSD,2026-07,21,0.0007,0.1014,41
GBPUSD,2026-07,22,0.0004,0.058,36
GBPUSD,2026-07,23,0.0004,0.058,44
NASDAQ,2026-06,14,135.4717,0.3138,42
NASDAQ,2026-06,15,95.4414,0.221,42
NASDAQ,2026-06,16,68.79885,0.1593,42
NASDAQ,2026-06,17,73.83595,0.171,42
NASDAQ,2026-06,18,57.9668,0.1343,42
NASDAQ,2026-06,19,79.9346,0.1851,42
NASDAQ,2026-07,14,119.1699,0.3532,44
NASDAQ,2026-07,15,91.334,0.2707,44
NASDAQ,2026-07,16,70.49025,0.2089,44
NASDAQ,2026-07,17,62.4561,0.1851,44
NASDAQ,2026-07,18,50.45215,0.1495,44
NASDAQ,2026-07,19,64.55855,0.1913,44
NG,2026-06,0,0.009,0.0682,44
NG,2026-06,1,0.007,0.053,44
NG,2026-06,2,0.006,0.0455,44
NG,2026-06,3,0.0075,0.0568,44
NG,2026-06,4,0.009,0.0682,42
NG,2026-06,5,0.011,0.0833,42
NG,2026-06,6,0.012,0.0909,42
NG,2026-06,7,0.016,0.1212,42
NG,2026-06,8,0.0125,0.0947,42
NG,2026-06,9,0.0135,0.1023,42
NG,2026-06,10,0.017,0.1288,42
NG,2026-06,11,0.026,0.197,42
NG,2026-06,12,0.0365,0.2765,42
NG,2026-06,13,0.033,0.25,42
NG,2026-06,14,0.0245,0.1856,42
NG,2026-06,15,0.023,0.1742,42
NG,2026-06,16,0.022,0.1667,42
NG,2026-06,17,0.018,0.1364,42
NG,2026-06,18,0.0215,0.1629,42
NG,2026-06,19,0.0115,0.0871,42
NG,2026-06,20,0.0105,0.0795,42
NG,2026-06,22,0.008,0.0606,44
NG,2026-06,23,0.005,0.0379,44
NG,2026-07,0,0.0075,0.0893,46
NG,2026-07,1,0.007,0.0833,46
NG,2026-07,2,0.006,0.0714,46
NG,2026-07,3,0.007,0.0833,46
NG,2026-07,4,0.0065,0.0774,44
NG,2026-07,5,0.0085,0.1012,44
NG,2026-07,6,0.013,0.1548,44
NG,2026-07,7,0.013,0.1548,44
NG,2026-07,8,0.011,0.131,44
NG,2026-07,9,0.011,0.131,44
NG,2026-07,10,0.014,0.1667,44
NG,2026-07,11,0.02,0.2381,44
NG,2026-07,12,0.0285,0.3393,44
NG,2026-07,13,0.03,0.3571,44
NG,2026-07,14,0.021,0.25,44
NG,2026-07,15,0.0195,0.2321,44
NG,2026-07,16,0.018,0.2143,44
NG,2026-07,17,0.015,0.1786,44
NG,2026-07,18,0.0185,0.2202,44
NG,2026-07,19,0.008,0.0952,44
NG,2026-07,20,0.009,0.1071,44
NG,2026-07,22,0.0075,0.0893,44
NG,2026-07,23,0.005,0.0595,44
NZDUSD,2026-06,0,0.0004,0.0988,44
NZDUSD,2026-06,1,0.0005,0.1235,44
NZDUSD,2026-06,2,0.0004,0.0988,44
NZDUSD,2026-06,3,0.0003,0.0741,44
NZDUSD,2026-06,4,0.0003,0.0741,44
NZDUSD,2026-06,5,0.0004,0.0988,44
NZDUSD,2026-06,6,0.0005,0.1235,44
NZDUSD,2026-06,7,0.0005,0.1235,44
NZDUSD,2026-06,8,0.0005,0.1235,44
NZDUSD,2026-06,9,0.0004,0.0988,44
NZDUSD,2026-06,10,0.0004,0.0988,44
NZDUSD,2026-06,11,0.0004,0.0988,44
NZDUSD,2026-06,12,0.0005,0.1235,44
NZDUSD,2026-06,13,0.0006,0.1481,44
NZDUSD,2026-06,14,0.00065,0.1605,44
NZDUSD,2026-06,15,0.0006,0.1481,44
NZDUSD,2026-06,16,0.00035,0.0864,44
NZDUSD,2026-06,17,0.0003,0.0741,44
NZDUSD,2026-06,18,0.0003,0.0741,44
NZDUSD,2026-06,19,0.00035,0.0864,44
NZDUSD,2026-06,20,0.00025,0.0617,44
NZDUSD,2026-06,21,0.00065,0.1605,40
NZDUSD,2026-06,22,0.0003,0.0741,36
NZDUSD,2026-06,23,0.0003,0.0741,44
NZDUSD,2026-07,0,0.0005,0.1389,46
NZDUSD,2026-07,1,0.0005,0.1389,46
NZDUSD,2026-07,2,0.0004,0.1111,46
NZDUSD,2026-07,3,0.0004,0.1111,46
NZDUSD,2026-07,4,0.0003,0.0833,46
NZDUSD,2026-07,5,0.0004,0.1111,46
NZDUSD,2026-07,6,0.0005,0.1389,46
NZDUSD,2026-07,7,0.0005,0.1389,46
NZDUSD,2026-07,8,0.0004,0.1111,46
NZDUSD,2026-07,9,0.0004,0.1111,46
NZDUSD,2026-07,10,0.00035,0.0972,46
NZDUSD,2026-07,11,0.0004,0.1111,46
NZDUSD,2026-07,12,0.0006,0.1667,46
NZDUSD,2026-07,13,0.0005,0.1389,46
NZDUSD,2026-07,14,0.0006,0.1667,46
NZDUSD,2026-07,15,0.0004,0.1111,46
NZDUSD,2026-07,16,0.0003,0.0833,46
NZDUSD,2026-07,17,0.0003,0.0833,46
NZDUSD,2026-07,18,0.00025,0.0694,46
NZDUSD,2026-07,19,0.00025,0.0694,46
NZDUSD,2026-07,20,0.00025,0.0694,46
NZDUSD,2026-07,21,0.0006,0.1667,41
NZDUSD,2026-07,22,0.0002,0.0556,36
NZDUSD,2026-07,23,0.0003,0.0833,44
SILVER,2026-06,0,0.445,0.1601,44
SILVER,2026-06,1,0.715,0.2572,44
SILVER,2026-06,2,0.4675,0.1682,44
SILVER,2026-06,3,0.37,0.1331,44
SILVER,2026-06,4,0.28,0.1007,42
SILVER,2026-06,5,0.4375,0.1574,42
SILVER,2026-06,6,0.3925,0.1412,42
SILVER,2026-06,7,0.3725,0.134,42
SILVER,2026-06,8,0.3725,0.134,42
SILVER,2026-06,9,0.3125,0.1124,42
SILVER,2026-06,10,0.3175,0.1142,42
SILVER,2026-06,11,0.375,0.1349,42
SILVER,2026-06,12,0.56,0.2014,42
SILVER,2026-06,13,0.785,0.2824,42
SILVER,2026-06,14,0.655,0.2356,42
SILVER,2026-06,15,0.4525,0.1628,42
SILVER,2026-06,16,0.35,0.1259,42
SILVER,2026-06,17,0.3825,0.1376,42
SILVER,2026-06,18,0.3375,0.1214,42
SILVER,2026-06,19,0.3125,0.1124,42
SILVER,2026-06,20,0.24,0.0863,42
SILVER,2026-06,22,0.29,0.1043,44
SILVER,2026-06,23,0.305,0.1097,44
SILVER,2026-07,0,0.3375,0.1548,46
SILVER,2026-07,1,0.485,0.2225,46
SILVER,2026-07,2,0.3125,0.1433,46
SILVER,2026-07,3,0.23,0.1055,46
SILVER,2026-07,4,0.1875,0.086,44
SILVER,2026-07,5,0.3325,0.1525,44
SILVER,2026-07,6,0.3275,0.1502,44
SILVER,2026-07,7,0.2975,0.1365,44
SILVER,2026-07,8,0.2875,0.1319,44
SILVER,2026-07,9,0.22,0.1009,44
SILVER,2026-07,10,0.24,0.1101,44
SILVER,2026-07,11,0.285,0.1307,44
SILVER,2026-07,12,0.3925,0.18,44
SILVER,2026-07,13,0.565,0.2592,44
SILVER,2026-07,14,0.425,0.195,44
SILVER,2026-07,15,0.3375,0.1548,44
SILVER,2026-07,16,0.2825,0.1296,44
SILVER,2026-07,17,0.2475,0.1135,44
SILVER,2026-07,18,0.255,0.117,44
SILVER,2026-07,19,0.2525,0.1158,44
SILVER,2026-07,20,0.1725,0.0791,44
SILVER,2026-07,22,0.1775,0.0814,44
SILVER,2026-07,23,0.17,0.078,44
SOL,2026-06,0,0.405,0.1069,46
SOL,2026-06,1,0.42,0.1108,46
SOL,2026-06,2,0.445,0.1174,46
SOL,2026-06,3,0.37,0.0976,46
SOL,2026-06,4,0.385,0.1016,46
SOL,2026-06,5,0.38,0.1003,46
SOL,2026-06,6,0.35,0.0923,46
SOL,2026-06,7,0.36,0.095,46
SOL,2026-06,8,0.37,0.0976,46
SOL,2026-06,9,0.34,0.0897,46
SOL,2026-06,10,0.335,0.0884,46
SOL,2026-06,11,0.415,0.1095,46
SOL,2026-06,12,0.435,0.1148,46
SOL,2026-06,13,0.58,0.153,46
SOL,2026-06,14,0.625,0.1649,46
SOL,2026-06,15,0.615,0.1623,46
SOL,2026-06,16,0.65,0.1715,46
SOL,2026-06,17,0.595,0.157,46
SOL,2026-06,18,0.43,0.1135,46
SOL,2026-06,19,0.43,0.1135,46
SOL,2026-06,20,0.42,0.1108,46
SOL,2026-06,21,0.45,0.1187,46
SOL,2026-06,22,0.395,0.1042,46
SOL,2026-06,23,0.34,0.0897,46
SOL,2026-07,0,0.33,0.1364,62
SOL,2026-07,1,0.45,0.186,62
SOL,2026-07,2,0.38,0.157,61
SOL,2026-07,3,0.31,0.1281,60
SOL,2026-07,4,0.28,0.1157,60
SOL,2026-07,5,0.32,0.1322,60
SOL,2026-07,6,0.29,0.1198,60
SOL,2026-07,7,0.285,0.1178,60
SOL,2026-07,8,0.33,0.1364,60
SOL,2026-07,9,0.27,0.1116,60
SOL,2026-07,10,0.24,0.0992,60
SOL,2026-07,11,0.25,0.1033,60
SOL,2026-07,12,0.375,0.155,60
SOL,2026-07,13,0.455,0.188,60
SOL,2026-07,14,0.5,0.2066,60
SOL,2026-07,15,0.38,0.157,60
SOL,2026-07,16,0.35,0.1446,60
SOL,2026-07,17,0.355,0.1467,60
SOL,2026-07,18,0.315,0.1302,60
SOL,2026-07,19,0.295,0.1219,60
SOL,2026-07,20,0.235,0.0971,60
SOL,2026-07,21,0.255,0.1054,60
SOL,2026-07,22,0.29,0.1198,60
SOL,2026-07,23,0.275,0.1136,60
SPX,2026-06,14,25.5,0.3123,42
SPX,2026-06,15,19.03495,0.2331,42
SPX,2026-06,16,13.34505,0.1634,42
SPX,2026-06,17,15.71995,0.1925,42
SPX,2026-06,18,13.4348,0.1645,42
SPX,2026-06,19,16.645,0.2039,42
SPX,2026-07,14,22.42995,0.3349,44
SPX,2026-07,15,19.27,0.2878,44
SPX,2026-07,16,17.2251,0.2572,44
SPX,2026-07,17,12.1052,0.1808,44
SPX,2026-07,18,10.30515,0.1539,44
SPX,2026-07,19,14.77485,0.2206,44
USDAED,2026-06,0,0.0004,0.5,42
USDAED,2026-06,1,0.0005,0.625,42
USDAED,2026-06,2,0.0005,0.625,42
USDAED,2026-06,3,0.0005,0.625,42
USDAED,2026-06,4,0.0006,0.75,42
USDAED,2026-06,5,0.0006,0.75,42
USDAED,2026-06,6,0.0005,0.625,42
USDAED,2026-06,7,0.0005,0.625,42
USDAED,2026-06,8,0.0005,0.625,42
USDAED,2026-06,9,0.0005,0.625,42
USDAED,2026-06,10,0.0005,0.625,42
USDAED,2026-06,11,0.0005,0.625,42
USDAED,2026-06,12,0.0006,0.75,42
USDAED,2026-06,13,0.0005,0.625,42
USDAED,2026-06,14,0.0005,0.625,42
USDAED,2026-06,15,0.0005,0.625,41
USDAED,2026-06,16,0.0004,0.5,40
USDAED,2026-06,17,0.0004,0.5,42
USDAED,2026-06,18,0.0004,0.5,44
USDAED,2026-06,19,0.0004,0.5,44
USDAED,2026-06,20,0.0003,0.375,44
USDAED,2026-06,21,0.0003,0.375,39
USDAED,2026-06,22,0.0004,0.5,38
USDAED,2026-06,23,0.0004,0.5,44
USDAED,2026-07,0,0.0003,0.3,45
USDAED,2026-07,1,0.0003,0.3,45
USDAED,2026-07,2,0.0003,0.3,43
USDAED,2026-07,3,0.0003,0.3,45
USDAED,2026-07,4,0.0005,0.5,44
USDAED,2026-07,5,0.0005,0.5,42
USDAED,2026-07,6,0.0005,0.5,42
USDAED,2026-07,7,0.0005,0.5,40
USDAED,2026-07,8,0.0005,0.5,40
USDAED,2026-07,9,0.0005,0.5,40
USDAED,2026-07,10,0.0005,0.5,40
USDAED,2026-07,11,0.0005,0.5,40
USDAED,2026-07,12,0.0005,0.5,43
USDAED,2026-07,13,0.0004,0.4,46
USDAED,2026-07,14,0.0004,0.4,45
USDAED,2026-07,15,0.0004,0.4,44
USDAED,2026-07,16,0.0004,0.4,45
USDAED,2026-07,17,0.0005,0.5,46
USDAED,2026-07,18,0.0006,0.6,46
USDAED,2026-07,19,0.0006,0.6,46
USDAED,2026-07,20,0.0006,0.6,44
USDAED,2026-07,21,0.0005,0.5,38
USDAED,2026-07,22,0.0004,0.4,35
USDAED,2026-07,23,0.0003,0.3,43
USDBRL,2026-06,9,0.0,0.0,42
USDBRL,2026-06,11,0.0011,0.0229,40
USDBRL,2026-06,12,0.0178,0.3701,43
USDBRL,2026-06,13,0.0153,0.3181,43
USDBRL,2026-06,14,0.013,0.2703,43
USDBRL,2026-06,15,0.01135,0.236,44
USDBRL,2026-06,16,0.008,0.1663,43
USDBRL,2026-06,17,0.0079,0.1642,43
USDBRL,2026-06,18,0.00765,0.159,44
USDBRL,2026-06,19,0.0074,0.1538,42
USDBRL,2026-06,20,0.00715,0.1486,42
USDBRL,2026-06,21,0.0082,0.1705,39
USDBRL,2026-06,22,0.0,0.0,32
USDBRL,2026-07,9,0.0,0.0,46
USDBRL,2026-07,11,0.0009,0.0213,41
USDBRL,2026-07,12,0.0133,0.3144,45
USDBRL,2026-07,13,0.012,0.2837,46
USDBRL,2026-07,14,0.00965,0.2281,46
USDBRL,2026-07,15,0.00785,0.1856,46
USDBRL,2026-07,16,0.00635,0.1501,46
USDBRL,2026-07,17,0.0055,0.13,46
USDBRL,2026-07,18,0.0053,0.1253,46
USDBRL,2026-07,19,0.005,0.1182,46
USDBRL,2026-07,20,0.005,0.1182,40
USDBRL,2026-07,21,0.002,0.0473,40
USDCAD,2026-06,0,0.0009,0.1765,44
USDCAD,2026-06,1,0.0009,0.1765,44
USDCAD,2026-06,2,0.0009,0.1765,44
USDCAD,2026-06,3,0.0008,0.1569,44
USDCAD,2026-06,4,0.0008,0.1569,44
USDCAD,2026-06,5,0.0009,0.1765,44
USDCAD,2026-06,6,0.0011,0.2157,44
USDCAD,2026-06,7,0.0011,0.2157,44
USDCAD,2026-06,8,0.00115,0.2255,44
USDCAD,2026-06,9,0.00105,0.2059,44
USDCAD,2026-06,10,0.001,0.1961,44
USDCAD,2026-06,11,0.0011,0.2157,44
USDCAD,2026-06,12,0.0013,0.2549,44
USDCAD,2026-06,13,0.0015,0.2941,44
USDCAD,2026-06,14,0.0016,0.3137,44
USDCAD,2026-06,15,0.00155,0.3039,44
USDCAD,2026-06,16,0.0011,0.2157,44
USDCAD,2026-06,17,0.001,0.1961,44
USDCAD,2026-06,18,0.001,0.1961,44
USDCAD,2026-06,19,0.001,0.1961,44
USDCAD,2026-06,20,0.001,0.1961,44
USDCAD,2026-06,21,0.001,0.1961,41
USDCAD,2026-06,22,0.00095,0.1863,38
USDCAD,2026-06,23,0.0009,0.1765,44
USDCAD,2026-07,0,0.00105,0.2019,46
USDCAD,2026-07,1,0.001,0.1923,46
USDCAD,2026-07,2,0.0009,0.1731,46
USDCAD,2026-07,3,0.0009,0.1731,46
USDCAD,2026-07,4,0.0008,0.1538,46
USDCAD,2026-07,5,0.0009,0.1731,46
USDCAD,2026-07,6,0.0011,0.2115,46
USDCAD,2026-07,7,0.0012,0.2308,46
USDCAD,2026-07,8,0.00105,0.2019,46
USDCAD,2026-07,9,0.00095,0.1827,46
USDCAD,2026-07,10,0.001,0.1923,46
USDCAD,2026-07,11,0.0012,0.2308,46
USDCAD,2026-07,12,0.0014,0.2692,46
USDCAD,2026-07,13,0.0017,0.3269,46
USDCAD,2026-07,14,0.0016,0.3077,46
USDCAD,2026-07,15,0.00125,0.2404,46
USDCAD,2026-07,16,0.0011,0.2115,46
USDCAD,2026-07,17,0.001,0.1923,46
USDCAD,2026-07,18,0.001,0.1923,46
USDCAD,2026-07,19,0.001,0.1923,46
USDCAD,2026-07,20,0.00095,0.1827,46
USDCAD,2026-07,21,0.0009,0.1731,42
USDCAD,2026-07,22,0.00085,0.1635,36
USDCAD,2026-07,23,0.0008,0.1538,44
USDCHF,2026-06,0,0.0006,0.1481,44
USDCHF,2026-06,1,0.00055,0.1358,44
USDCHF,2026-06,2,0.0004,0.0988,44
USDCHF,2026-06,3,0.0004,0.0988,44
USDCHF,2026-06,4,0.0004,0.0988,44
USDCHF,2026-06,5,0.0005,0.1235,44
USDCHF,2026-06,6,0.0008,0.1975,44
USDCHF,2026-06,7,0.0009,0.2222,44
USDCHF,2026-06,8,0.0007,0.1728,44
USDCHF,2026-06,9,0.0007,0.1728,44
USDCHF,2026-06,10,0.0006,0.1481,44
USDCHF,2026-06,11,0.0007,0.1728,44
USDCHF,2026-06,12,0.0008,0.1975,44
USDCHF,2026-06,13,0.00105,0.2593,44
USDCHF,2026-06,14,0.0011,0.2716,44
USDCHF,2026-06,15,0.0008,0.1975,44
USDCHF,2026-06,16,0.0006,0.1481,44
USDCHF,2026-06,17,0.0005,0.1235,44
USDCHF,2026-06,18,0.0005,0.1235,44
USDCHF,2026-06,19,0.0005,0.1235,44
USDCHF,2026-06,20,0.0005,0.1235,44
USDCHF,2026-06,21,0.0012,0.2963,38
USDCHF,2026-06,22,0.00065,0.1605,36
USDCHF,2026-06,23,0.0004,0.0988,44
USDCHF,2026-07,0,0.00055,0.1279,46
USDCHF,2026-07,1,0.0006,0.1395,46
USDCHF,2026-07,2,0.0004,0.093,46
USDCHF,2026-07,3,0.0004,0.093,46
USDCHF,2026-07,4,0.0004,0.093,46
USDCHF,2026-07,5,0.0005,0.1163,46
USDCHF,2026-07,6,0.0007,0.1628,46
USDCHF,2026-07,7,0.0009,0.2093,46
USDCHF,2026-07,8,0.0008,0.186,46
USDCHF,2026-07,9,0.0007,0.1628,46
USDCHF,2026-07,10,0.0006,0.1395,46
USDCHF,2026-07,11,0.0007,0.1628,46
USDCHF,2026-07,12,0.0009,0.2093,46
USDCHF,2026-07,13,0.0009,0.2093,46
USDCHF,2026-07,14,0.0009,0.2093,46
USDCHF,2026-07,15,0.0008,0.186,46
USDCHF,2026-07,16,0.0006,0.1395,46
USDCHF,2026-07,17,0.00055,0.1279,46
USDCHF,2026-07,18,0.0005,0.1163,46
USDCHF,2026-07,19,0.0004,0.093,46
USDCHF,2026-07,20,0.00055,0.1279,46
USDCHF,2026-07,21,0.0014,0.3256,38
USDCHF,2026-07,22,0.0005,0.1163,36
USDCHF,2026-07,23,0.0003,0.0698,44
USDCNY,2026-06,1,0.0026,0.3333,31
USDCNY,2026-06,2,0.0019,0.2436,43
USDCNY,2026-06,3,0.00145,0.1859,44
USDCNY,2026-06,4,0.0011,0.141,44
USDCNY,2026-06,5,0.0017,0.2179,44
USDCNY,2026-06,6,0.0022,0.2821,44
USDCNY,2026-06,7,0.0024,0.3077,43
USDCNY,2026-06,8,0.0021,0.2692,44
USDCNY,2026-06,9,0.0017,0.2179,43
USDCNY,2026-06,10,0.00115,0.1474,36
USDCNY,2026-06,15,0.0003,0.0385,33
USDCNY,2026-06,13,0.0004,0.0513,31
USDCNY,2026-06,14,0.0003,0.0385,33
USDCNY,2026-07,1,0.0119,0.5891,46
USDCNY,2026-07,2,0.0129,0.6386,46
USDCNY,2026-07,3,0.01245,0.6163,46
USDCNY,2026-07,4,0.01185,0.5866,46
USDCNY,2026-07,5,0.0121,0.599,46
USDCNY,2026-07,6,0.01225,0.6064,46
USDCNY,2026-07,7,0.01275,0.6312,46
USDCNY,2026-07,8,0.0123,0.6089,46
USDCNY,2026-07,9,0.0121,0.599,46
USDCNY,2026-07,10,0.0114,0.5644,46
USDCNY,2026-07,11,0.00045,0.0223,46
USDCNY,2026-07,12,0.00085,0.0421,46
USDCNY,2026-07,13,0.01045,0.5173,46
USDCNY,2026-07,14,0.0102,0.505,46
USDCNY,2026-07,15,0.0091,0.4505,46
USDCNY,2026-07,16,0.0003,0.0149,46
USDCNY,2026-07,17,0.0059,0.2921,46
USDCNY,2026-07,18,0.0027,0.1337,46
USDCNY,2026-07,21,0.0,0.0,30
USDCZK,2026-06,0,0.0274,0.2297,44
USDCZK,2026-06,1,0.02535,0.2125,44
USDCZK,2026-06,2,0.01905,0.1597,44
USDCZK,2026-06,3,0.019,0.1593,44
USDCZK,2026-06,4,0.0234,0.1961,44
USDCZK,2026-06,5,0.02555,0.2142,44
USDCZK,2026-06,6,0.0315,0.264,44
USDCZK,2026-06,7,0.03305,0.277,44
USDCZK,2026-06,8,0.0301,0.2523,44
USDCZK,2026-06,9,0.02645,0.2217,44
USDCZK,2026-06,10,0.0251,0.2104,44
USDCZK,2026-06,11,0.02645,0.2217,44
USDCZK,2026-06,12,0.03255,0.2728,44
USDCZK,2026-06,13,0.0367,0.3076,44
USDCZK,2026-06,14,0.0342,0.2867,44
USDCZK,2026-06,15,0.0291,0.2439,44
USDCZK,2026-06,16,0.0262,0.2196,44
USDCZK,2026-06,17,0.0239,0.2003,44
USDCZK,2026-06,18,0.0236,0.1978,44
USDCZK,2026-06,19,0.024,0.2012,44
USDCZK,2026-06,20,0.02235,0.1873,44
USDCZK,2026-06,21,0.035,0.2934,42
USDCZK,2026-06,22,0.03,0.2515,40
USDCZK,2026-06,23,0.03,0.2515,44
USDCZK,2026-07,0,0.03,0.2532,46
USDCZK,2026-07,1,0.028,0.2363,46
USDCZK,2026-07,2,0.02425,0.2046,46
USDCZK,2026-07,3,0.0213,0.1797,46
USDCZK,2026-07,4,0.0224,0.189,46
USDCZK,2026-07,5,0.027,0.2278,46
USDCZK,2026-07,6,0.03215,0.2713,46
USDCZK,2026-07,7,0.03055,0.2578,46
USDCZK,2026-07,8,0.02765,0.2333,46
USDCZK,2026-07,9,0.02515,0.2122,46
USDCZK,2026-07,10,0.02545,0.2148,46
USDCZK,2026-07,11,0.0261,0.2203,46
USDCZK,2026-07,12,0.0325,0.2743,46
USDCZK,2026-07,13,0.0338,0.2852,46
USDCZK,2026-07,14,0.03225,0.2722,46
USDCZK,2026-07,15,0.0288,0.243,46
USDCZK,2026-07,16,0.0289,0.2439,46
USDCZK,2026-07,17,0.02555,0.2156,46
USDCZK,2026-07,18,0.02165,0.1827,46
USDCZK,2026-07,19,0.02325,0.1962,46
USDCZK,2026-07,20,0.027,0.2278,46
USDCZK,2026-07,21,0.03945,0.3329,42
USDCZK,2026-07,22,0.0285,0.2405,38
USDCZK,2026-07,23,0.0315,0.2658,44
USDHUF,2026-06,0,0.525,0.1713,44
USDHUF,2026-06,1,0.45,0.1468,44
USDHUF,2026-06,2,0.43,0.1403,44
USDHUF,2026-06,3,0.44,0.1436,44
USDHUF,2026-06,4,0.43,0.1403,44
USDHUF,2026-06,5,0.55,0.1794,44
USDHUF,2026-06,6,0.6635,0.2165,44
USDHUF,2026-06,7,0.808,0.2636,44
USDHUF,2026-06,8,0.72,0.2349,44
USDHUF,2026-06,9,0.6445,0.2103,44
USDHUF,2026-06,10,0.5935,0.1936,44
USDHUF,2026-06,11,0.622,0.2029,44
USDHUF,2026-06,12,0.701,0.2287,44
USDHUF,2026-06,13,0.822,0.2682,44
USDHUF,2026-06,14,0.8015,0.2615,44
USDHUF,2026-06,15,0.686,0.2238,44
USDHUF,2026-06,16,0.549,0.1791,44
USDHUF,2026-06,17,0.48,0.1566,44
USDHUF,2026-06,18,0.488,0.1592,44
USDHUF,2026-06,19,0.51,0.1664,44
USDHUF,2026-06,20,0.505,0.1648,44
USDHUF,2026-06,21,0.51,0.1664,42
USDHUF,2026-06,22,0.565,0.1843,40
USDHUF,2026-06,23,0.565,0.1843,44
USDHUF,2026-07,0,0.57,0.1654,46
USDHUF,2026-07,1,0.4955,0.1437,46
USDHUF,2026-07,2,0.46,0.1334,46
USDHUF,2026-07,3,0.445,0.1291,46
USDHUF,2026-07,4,0.4055,0.1176,46
USDHUF,2026-07,5,0.49,0.1422,46
USDHUF,2026-07,6,0.731,0.2121,46
USDHUF,2026-07,7,0.8855,0.2569,46
USDHUF,2026-07,8,0.715,0.2074,46
USDHUF,2026-07,9,0.654,0.1897,46
USDHUF,2026-07,10,0.674,0.1955,46
USDHUF,2026-07,11,0.6915,0.2006,46
USDHUF,2026-07,12,0.896,0.2599,46
USDHUF,2026-07,13,0.933,0.2707,46
USDHUF,2026-07,14,0.865,0.2509,46
USDHUF,2026-07,15,0.7835,0.2273,46
USDHUF,2026-07,16,0.666,0.1932,46
USDHUF,2026-07,17,0.5065,0.1469,46
USDHUF,2026-07,18,0.4975,0.1443,46
USDHUF,2026-07,19,0.462,0.134,46
USDHUF,2026-07,20,0.545,0.1581,46
USDHUF,2026-07,21,0.55,0.1596,43
USDHUF,2026-07,22,0.55,0.1596,38
USDHUF,2026-07,23,0.57,0.1654,44
USDJPY,2024,0,0.24,0.1779,233
USDJPY,2024,1,0.221,0.1638,234
USDJPY,2024,2,0.1715,0.1271,234
USDJPY,2024,3,0.153,0.1134,234
USDJPY,2024,4,0.16,0.1186,234
USDJPY,2024,5,0.178,0.1319,234
USDJPY,2024,6,0.215,0.1594,234
USDJPY,2024,7,0.2345,0.1738,234
USDJPY,2024,8,0.205,0.152,236
USDJPY,2024,9,0.1725,0.1279,236
USDJPY,2024,10,0.1505,0.1116,236
USDJPY,2024,11,0.1645,0.1219,236
USDJPY,2024,12,0.2105,0.156,238
USDJPY,2024,13,0.251,0.1861,238
USDJPY,2024,14,0.255,0.189,240
USDJPY,2024,15,0.2315,0.1716,240
USDJPY,2024,16,0.1645,0.1219,240
USDJPY,2024,17,0.1465,0.1086,240
USDJPY,2024,18,0.1305,0.0967,240
USDJPY,2024,19,0.1035,0.0767,240
USDJPY,2024,20,0.0995,0.0738,240
USDJPY,2024,21,0.0805,0.0597,218
USDJPY,2024,22,0.104,0.0771,234
USDJPY,2024,23,0.177,0.1312,232
USDJPY,2025,22,0.097,0.0894,512
USDJPY,2025,23,0.145,0.1337,512
USDJPY,2025,0,0.2095,0.1932,512
USDJPY,2025,1,0.1855,0.171,512
USDJPY,2025,2,0.14,0.1291,512
USDJPY,2025,3,0.126,0.1162,512
USDJPY,2025,4,0.1245,0.1148,512
USDJPY,2025,5,0.141,0.13,510
USDJPY,2025,6,0.167,0.154,511
USDJPY,2025,7,0.187,0.1724,512
USDJPY,2025,8,0.176,0.1623,512
USDJPY,2025,9,0.1435,0.1323,516
USDJPY,2025,10,0.123,0.1134,516
USDJPY,2025,11,0.134,0.1236,517
USDJPY,2025,12,0.176,0.1623,518
USDJPY,2025,13,0.2,0.1844,518
USDJPY,2025,14,0.214,0.1973,518
USDJPY,2025,15,0.178,0.1641,518
USDJPY,2025,16,0.1435,0.1323,518
USDJPY,2025,17,0.118,0.1088,518
USDJPY,2025,18,0.1145,0.1056,518
USDJPY,2025,19,0.1,0.0922,518
USDJPY,2025,20,0.09,0.083,518
USDJPY,2025,21,0.08,0.0738,486
USDJPY,2026,21,0.083,0.1162,308
USDJPY,2026,22,0.084,0.1176,308
USDJPY,2026,23,0.107,0.1499,308
USDJPY,2026,0,0.123,0.1723,280
USDJPY,2026,1,0.1095,0.1534,280
USDJPY,2026,2,0.0815,0.1141,280
USDJPY,2026,3,0.0755,0.1057,280
USDJPY,2026,4,0.0835,0.1169,280
USDJPY,2026,5,0.098,0.1373,280
USDJPY,2026,6,0.1265,0.1772,280
USDJPY,2026,7,0.133,0.1863,279
USDJPY,2026,8,0.115,0.1611,280
USDJPY,2026,9,0.097,0.1359,280
USDJPY,2026,10,0.09,0.1261,280
USDJPY,2026,11,0.1055,0.1478,280
USDJPY,2026,12,0.1245,0.1744,280
USDJPY,2026,13,0.135,0.1891,280
USDJPY,2026,14,0.1505,0.2108,280
USDJPY,2026,15,0.1225,0.1716,280
USDJPY,2026,16,0.0955,0.1338,280
USDJPY,2026,17,0.089,0.1246,279
USDJPY,2026,18,0.086,0.1204,278
USDJPY,2026,19,0.075,0.105,278
USDJPY,2026,20,0.071,0.0994,274
USDKRW,2026-06,0,3.8,0.2499,43
USDKRW,2026-06,1,2.795,0.1838,42
USDKRW,2026-06,2,2.365,0.1555,42
USDKRW,2026-06,3,1.98,0.1302,43
USDKRW,2026-06,4,2.2,0.1447,44
USDKRW,2026-06,5,2.555,0.168,44
USDKRW,2026-06,6,4.19995,0.2762,44
USDKRW,2026-06,7,2.885,0.1897,44
USDKRW,2026-06,8,2.52995,0.1664,44
USDKRW,2026-06,9,2.785,0.1832,44
USDKRW,2026-06,10,2.18,0.1434,43
USDKRW,2026-06,11,2.66,0.1749,42
USDKRW,2026-06,12,3.08,0.2026,42
USDKRW,2026-06,13,3.025,0.1989,42
USDKRW,2026-06,14,2.67005,0.1756,42
USDKRW,2026-06,15,2.65,0.1743,41
USDKRW,2026-06,16,2.395,0.1575,40
USDKRW,2026-06,17,1.31,0.0862,41
USDKRW,2026-06,18,1.69,0.1111,44
USDKRW,2026-06,19,1.68,0.1105,44
USDKRW,2026-06,20,1.425,0.0937,44
USDKRW,2026-06,21,2.25,0.148,39
USDKRW,2026-07,0,4.05,0.2689,46
USDKRW,2026-07,1,2.445,0.1623,46
USDKRW,2026-07,2,3.0,0.1992,45
USDKRW,2026-07,3,2.48505,0.165,46
USDKRW,2026-07,4,2.21505,0.1471,46
USDKRW,2026-07,5,2.62,0.174,45
USDKRW,2026-07,6,3.49495,0.2321,46
USDKRW,2026-07,7,2.56995,0.1706,46
USDKRW,2026-07,8,2.15,0.1428,46
USDKRW,2026-07,9,2.37,0.1574,45
USDKRW,2026-07,10,1.665,0.1106,42
USDKRW,2026-07,11,2.1849,0.1451,40
USDKRW,2026-07,12,1.9199,0.1275,43
USDKRW,2026-07,13,2.28,0.1514,46
USDKRW,2026-07,14,2.13,0.1414,45
USDKRW,2026-07,15,2.135,0.1418,44
USDKRW,2026-07,16,1.91,0.1268,45
USDKRW,2026-07,17,1.7251,0.1145,46
USDKRW,2026-07,18,1.87005,0.1242,46
USDKRW,2026-07,19,1.4701,0.0976,46
USDKRW,2026-07,20,1.685,0.1119,44
USDKRW,2026-07,21,1.375,0.0913,36
USDKRW,2026-07,22,1.0,0.0664,33
USDKRW,2026-07,23,1.85,0.1228,38
USDKZT,2026-06,0,0.145,0.0422,40
USDKZT,2026-06,1,0.15,0.0436,37
USDKZT,2026-06,2,0.14,0.0407,40
USDKZT,2026-06,3,0.165,0.048,42
USDKZT,2026-06,4,0.465,0.1352,42
USDKZT,2026-06,5,2.115,0.6148,42
USDKZT,2026-06,6,1.435,0.4172,42
USDKZT,2026-06,7,1.17,0.3401,42
USDKZT,2026-06,8,1.09,0.3169,42
USDKZT,2026-06,9,1.015,0.2951,42
USDKZT,2026-06,10,1.245,0.3619,42
USDKZT,2026-06,11,0.99,0.2878,42
USDKZT,2026-06,12,0.44,0.1279,42
USDKZT,2026-06,13,0.28,0.0814,41
USDKZT,2026-06,14,0.14,0.0407,41
USDKZT,2026-06,15,0.13,0.0378,41
USDKZT,2026-06,16,0.13,0.0378,39
USDKZT,2026-06,17,0.125,0.0363,38
USDKZT,2026-06,18,0.14,0.0407,40
USDKZT,2026-06,19,0.135,0.0392,44
USDKZT,2026-06,20,0.12,0.0349,43
USDKZT,2026-06,21,0.125,0.0363,40
USDKZT,2026-06,22,0.12,0.0349,37
USDKZT,2026-06,23,0.21,0.061,43
USDKZT,2026-07,0,0.17,0.0437,45
USDKZT,2026-07,1,0.42,0.108,45
USDKZT,2026-07,2,0.22,0.0566,36
USDKZT,2026-07,3,0.21,0.054,45
USDKZT,2026-07,4,0.19,0.0488,43
USDKZT,2026-07,5,1.78,0.4576,42
USDKZT,2026-07,6,1.385,0.356,42
USDKZT,2026-07,7,1.185,0.3046,40
USDKZT,2026-07,8,0.91,0.2339,40
USDKZT,2026-07,9,1.11,0.2853,40
USDKZT,2026-07,10,1.26,0.3239,40
USDKZT,2026-07,11,1.025,0.2635,40
USDKZT,2026-07,12,0.46,0.1183,43
USDKZT,2026-07,13,0.26,0.0668,46
USDKZT,2026-07,15,0.14,0.036,43
USDKZT,2026-07,16,0.13,0.0334,45
USDKZT,2026-07,17,0.13,0.0334,46
USDKZT,2026-07,18,0.13,0.0334,45
USDKZT,2026-07,19,0.12,0.0308,44
USDKZT,2026-07,20,0.13,0.0334,44
USDKZT,2026-07,21,0.12,0.0308,37
USDKZT,2026-07,22,0.135,0.0347,34
USDKZT,2026-07,23,0.21,0.054,44
USDKZT,2026-07,14,0.135,0.0347,42
USDMXN,2026-06,0,0.01735,0.16,44
USDMXN,2026-06,1,0.01775,0.1637,44
USDMXN,2026-06,2,0.015,0.1383,44
USDMXN,2026-06,3,0.01375,0.1268,44
USDMXN,2026-06,4,0.01335,0.1231,44
USDMXN,2026-06,5,0.015,0.1383,44
USDMXN,2026-06,6,0.0203,0.1872,44
USDMXN,2026-06,7,0.02075,0.1913,44
USDMXN,2026-06,8,0.0201,0.1853,44
USDMXN,2026-06,9,0.01945,0.1793,44
USDMXN,2026-06,10,0.0195,0.1798,44
USDMXN,2026-06,11,0.0205,0.189,44
USDMXN,2026-06,12,0.0275,0.2536,44
USDMXN,2026-06,13,0.03135,0.2891,44
USDMXN,2026-06,14,0.0325,0.2997,44
USDMXN,2026-06,15,0.02625,0.242,44
USDMXN,2026-06,16,0.0249,0.2296,44
USDMXN,2026-06,17,0.0224,0.2065,44
USDMXN,2026-06,18,0.021,0.1936,44
USDMXN,2026-06,19,0.0205,0.189,44
USDMXN,2026-06,20,0.022,0.2029,44
USDMXN,2026-06,21,0.0232,0.2139,42
USDMXN,2026-06,22,0.01685,0.1554,38
USDMXN,2026-06,23,0.013,0.1199,44
USDMXN,2026-07,0,0.01775,0.2064,46
USDMXN,2026-07,1,0.01645,0.1913,46
USDMXN,2026-07,2,0.01505,0.175,46
USDMXN,2026-07,3,0.01305,0.1517,46
USDMXN,2026-07,4,0.01255,0.1459,46
USDMXN,2026-07,5,0.015,0.1744,46
USDMXN,2026-07,6,0.018,0.2093,46
USDMXN,2026-07,7,0.022,0.2558,46
USDMXN,2026-07,8,0.01975,0.2297,46
USDMXN,2026-07,9,0.018,0.2093,46
USDMXN,2026-07,10,0.0162,0.1884,46
USDMXN,2026-07,11,0.0201,0.2337,46
USDMXN,2026-07,12,0.02795,0.325,46
USDMXN,2026-07,13,0.029,0.3372,46
USDMXN,2026-07,14,0.0286,0.3326,46
USDMXN,2026-07,15,0.025,0.2907,46
USDMXN,2026-07,16,0.0221,0.257,46
USDMXN,2026-07,17,0.021,0.2442,46
USDMXN,2026-07,18,0.018,0.2093,46
USDMXN,2026-07,19,0.01825,0.2122,46
USDMXN,2026-07,20,0.018,0.2093,46
USDMXN,2026-07,21,0.022,0.2558,42
USDMXN,2026-07,22,0.01705,0.1983,36
USDMXN,2026-07,23,0.0119,0.1384,44
USDPLN,2026-06,0,0.00415,0.174,44
USDPLN,2026-06,1,0.00355,0.1488,44
USDPLN,2026-06,2,0.00315,0.1321,44
USDPLN,2026-06,3,0.0032,0.1342,44
USDPLN,2026-06,4,0.00315,0.1321,44
USDPLN,2026-06,5,0.00335,0.1405,44
USDPLN,2026-06,6,0.00435,0.1824,44
USDPLN,2026-06,7,0.0051,0.2138,44
USDPLN,2026-06,8,0.00515,0.2159,44
USDPLN,2026-06,9,0.0042,0.1761,44
USDPLN,2026-06,10,0.0036,0.1509,44
USDPLN,2026-06,11,0.0037,0.1551,44
USDPLN,2026-06,12,0.00465,0.195,44
USDPLN,2026-06,13,0.00525,0.2201,44
USDPLN,2026-06,14,0.00565,0.2369,44
USDPLN,2026-06,15,0.0045,0.1887,44
USDPLN,2026-06,16,0.00405,0.1698,44
USDPLN,2026-06,17,0.0038,0.1593,44
USDPLN,2026-06,18,0.0035,0.1468,44
USDPLN,2026-06,19,0.0036,0.1509,44
USDPLN,2026-06,20,0.0045,0.1887,44
USDPLN,2026-06,21,0.0046,0.1929,41
USDPLN,2026-06,22,0.0049,0.2055,38
USDPLN,2026-06,23,0.0042,0.1761,44
USDPLN,2026-07,0,0.0044,0.1654,46
USDPLN,2026-07,1,0.00335,0.1259,46
USDPLN,2026-07,2,0.003,0.1128,46
USDPLN,2026-07,3,0.0031,0.1165,46
USDPLN,2026-07,4,0.0029,0.109,46
USDPLN,2026-07,5,0.0031,0.1165,46
USDPLN,2026-07,6,0.0045,0.1692,46
USDPLN,2026-07,7,0.0053,0.1992,46
USDPLN,2026-07,8,0.0044,0.1654,46
USDPLN,2026-07,9,0.00405,0.1523,46
USDPLN,2026-07,10,0.004,0.1504,46
USDPLN,2026-07,11,0.0042,0.1579,46
USDPLN,2026-07,12,0.0049,0.1842,46
USDPLN,2026-07,13,0.0055,0.2068,46
USDPLN,2026-07,14,0.0053,0.1992,46
USDPLN,2026-07,15,0.00445,0.1673,46
USDPLN,2026-07,16,0.00395,0.1485,46
USDPLN,2026-07,17,0.0041,0.1541,46
USDPLN,2026-07,18,0.0032,0.1203,46
USDPLN,2026-07,19,0.00345,0.1297,46
USDPLN,2026-07,20,0.00475,0.1786,46
USDPLN,2026-07,21,0.00495,0.1861,42
USDPLN,2026-07,22,0.00435,0.1635,36
USDPLN,2026-07,23,0.00425,0.1598,44
USDRUB,2025-08,10,0.153,0.1763,36
USDRUB,2025-08,11,0.123,0.1417,35
USDRUB,2025-08,16,0.0,0.0,30
USDRUB,2025-09,12,0.098,0.0648,39
USDRUB,2025-09,14,0.052,0.0344,33
USDRUB,2025-09,15,0.174,0.1151,37
USDRUB,2025-09,10,0.312,0.2063,41
USDRUB,2025-09,11,0.143,0.0946,37
USDRUB,2025-09,13,0.119,0.0787,33
USDRUB,2025-09,16,0.012,0.0079,36
USDRUB,2025-10,10,0.373,0.1938,44
USDRUB,2025-10,11,0.298,0.1548,41
USDRUB,2025-10,12,0.124,0.0644,43
USDRUB,2025-10,13,0.098,0.0509,39
USDRUB,2025-10,14,0.0625,0.0325,38
USDRUB,2025-10,15,0.112,0.0582,37
USDRUB,2025-10,16,0.15,0.0779,35
USDRUB,2025-11,10,0.2155,0.1889,38
USDRUB,2025-11,12,0.125,0.1096,35
USDRUB,2025-11,13,0.062,0.0543,30
USDRUB,2025-11,14,0.05,0.0438,31
USDRUB,2025-11,15,0.05,0.0438,32
USDRUB,2025-11,16,0.0375,0.0329,32
USDRUB,2025-11,11,0.075,0.0657,32
USDRUB,2025-12,10,0.292,0.1974,39
USDRUB,2025-12,11,0.15,0.1014,35
USDRUB,2025-12,12,0.217,0.1467,32
USDRUB,2025-12,14,0.103,0.0696,31
USDRUB,2025-12,15,0.074,0.05,33
USDRUB,2025-12,16,0.224,0.1514,33
USDRUB,2025-12,13,0.05,0.0338,33
USDRUB,2026-01,10,0.618,0.4472,37
USDRUB,2026-01,13,0.075,0.0543,30
USDRUB,2026-01,15,0.206,0.1491,33
USDRUB,2026-01,16,0.066,0.0478,33
USDRUB,2026-02,10,0.257,0.2166,39
USDRUB,2026-02,11,0.154,0.1298,37
USDRUB,2026-02,12,0.11,0.0927,38
USDRUB,2026-02,13,0.0735,0.0619,34
USDRUB,2026-02,14,0.0465,0.0392,34
USDRUB,2026-02,15,0.213,0.1795,38
USDRUB,2026-02,16,0.149,0.1256,39
USDRUB,2026-03,10,0.325,0.1866,43
USDRUB,2026-03,11,0.249,0.1429,43
USDRUB,2026-03,12,0.2335,0.134,42
USDRUB,2026-03,13,0.125,0.0718,39
USDRUB,2026-03,14,0.107,0.0614,43
USDRUB,2026-03,15,0.1715,0.0985,42
USDRUB,2026-03,16,0.117,0.0672,39
USDRUB,2026-04,10,0.36,0.369,43
USDRUB,2026-04,11,0.206,0.2112,41
USDRUB,2026-04,12,0.15,0.1538,39
USDRUB,2026-04,13,0.0765,0.0784,36
USDRUB,2026-04,14,0.099,0.1015,33
USDRUB,2026-04,15,0.1195,0.1225,36
USDRUB,2026-04,16,0.116,0.1189,35
USDRUB,2026-05,10,0.248,0.2401,38
USDRUB,2026-05,11,0.123,0.1191,35
USDRUB,2026-05,15,0.191,0.1849,32
USDRUB,2026-05,16,0.1405,0.136,36
USDRUB,2026-05,12,0.112,0.1084,37
USDRUB,2026-05,14,0.0875,0.0847,32
USDRUB,2026-05,13,0.0875,0.0847,32
USDRUB,2026-06,10,0.297,0.2085,42
USDRUB,2026-06,11,0.3115,0.2187,42
USDRUB,2026-06,12,0.083,0.0583,35
USDRUB,2026-06,13,0.202,0.1418,32
USDRUB,2026-06,14,0.092,0.0646,30
USDRUB,2026-06,15,0.193,0.1355,36
USDRUB,2026-06,16,0.132,0.0927,39
USDTRY,2026-06,0,0.03865,0.1968,44
USDTRY,2026-06,1,0.0296,0.1507,44
USDTRY,2026-06,2,0.03105,0.1581,44
USDTRY,2026-06,3,0.03015,0.1535,44
USDTRY,2026-06,4,0.0322,0.164,44
USDTRY,2026-06,5,0.0457,0.2327,44
USDTRY,2026-06,6,0.09385,0.4779,44
USDTRY,2026-06,7,0.0923,0.47,44
USDTRY,2026-06,8,0.09325,0.4748,44
USDTRY,2026-06,9,0.0936,0.4766,44
USDTRY,2026-06,10,0.0945,0.4812,44
USDTRY,2026-06,11,0.0944,0.4807,44
USDTRY,2026-06,12,0.09495,0.4835,44
USDTRY,2026-06,13,0.0947,0.4822,44
USDTRY,2026-06,14,0.08495,0.4325,44
USDTRY,2026-06,15,0.01555,0.0792,44
USDTRY,2026-06,16,0.01625,0.0827,44
USDTRY,2026-06,17,0.01635,0.0832,44
USDTRY,2026-06,18,0.01645,0.0838,44
USDTRY,2026-06,19,0.01805,0.0919,44
USDTRY,2026-06,20,0.05845,0.2976,44
USDTRY,2026-06,21,0.1297,0.6604,41
USDTRY,2026-06,22,0.0801,0.4078,38
USDTRY,2026-06,23,0.04645,0.2365,44
USDTRY,2026-07,0,0.04355,0.1956,46
USDTRY,2026-07,1,0.02915,0.131,46
USDTRY,2026-07,2,0.02855,0.1283,46
USDTRY,2026-07,3,0.02815,0.1265,46
USDTRY,2026-07,4,0.0273,0.1226,46
USDTRY,2026-07,5,0.04295,0.1929,46
USDTRY,2026-07,6,0.08825,0.3965,46
USDTRY,2026-07,7,0.09065,0.4072,46
USDTRY,2026-07,8,0.09195,0.4131,46
USDTRY,2026-07,9,0.0939,0.4218,46
USDTRY,2026-07,10,0.0915,0.4111,46
USDTRY,2026-07,11,0.09465,0.4252,46
USDTRY,2026-07,12,0.09405,0.4225,46
USDTRY,2026-07,13,0.0934,0.4196,46
USDTRY,2026-07,14,0.08925,0.4009,46
USDTRY,2026-07,15,0.00895,0.0402,46
USDTRY,2026-07,16,0.0129,0.058,46
USDTRY,2026-07,17,0.0133,0.0597,46
USDTRY,2026-07,18,0.0121,0.0544,46
USDTRY,2026-07,19,0.01335,0.06,46
USDTRY,2026-07,20,0.0651,0.2925,45
USDTRY,2026-07,21,0.1023,0.4596,41
USDTRY,2026-07,22,0.0851,0.3823,36
USDTRY,2026-07,23,0.0561,0.252,44
USDZAR,2026-06,0,0.0317,0.2056,44
USDZAR,2026-06,1,0.03475,0.2254,44
USDZAR,2026-06,2,0.02865,0.1859,44
USDZAR,2026-06,3,0.0266,0.1726,44
USDZAR,2026-06,4,0.02715,0.1761,44
USDZAR,2026-06,5,0.0303,0.1966,44
USDZAR,2026-06,6,0.03795,0.2462,44
USDZAR,2026-06,7,0.0364,0.2361,44
USDZAR,2026-06,8,0.0342,0.2219,44
USDZAR,2026-06,9,0.03365,0.2183,44
USDZAR,2026-06,10,0.03085,0.2001,44
USDZAR,2026-06,11,0.0331,0.2147,44
USDZAR,2026-06,12,0.03945,0.2559,44
USDZAR,2026-06,13,0.0425,0.2757,44
USDZAR,2026-06,14,0.0436,0.2828,44
USDZAR,2026-06,15,0.0343,0.2225,44
USDZAR,2026-06,16,0.0312,0.2024,44
USDZAR,2026-06,17,0.02785,0.1807,44
USDZAR,2026-06,18,0.02835,0.1839,44
USDZAR,2026-06,19,0.02835,0.1839,44
USDZAR,2026-06,20,0.02895,0.1878,44
USDZAR,2026-06,21,0.03765,0.2442,42
USDZAR,2026-06,22,0.03195,0.2073,38
USDZAR,2026-06,23,0.0287,0.1862,44
USDZAR,2026-07,0,0.0266,0.1851,46
USDZAR,2026-07,1,0.0253,0.1761,46
USDZAR,2026-07,2,0.0244,0.1698,46
USDZAR,2026-07,3,0.02215,0.1541,46
USDZAR,2026-07,4,0.02025,0.1409,46
USDZAR,2026-07,5,0.02505,0.1743,46
USDZAR,2026-07,6,0.0323,0.2248,46
USDZAR,2026-07,7,0.03255,0.2265,46
USDZAR,2026-07,8,0.031,0.2157,46
USDZAR,2026-07,9,0.02825,0.1966,46
USDZAR,2026-07,10,0.0238,0.1656,46
USDZAR,2026-07,11,0.02625,0.1827,46
USDZAR,2026-07,12,0.03645,0.2537,46
USDZAR,2026-07,13,0.03635,0.253,46
USDZAR,2026-07,14,0.0364,0.2533,46
USDZAR,2026-07,15,0.0302,0.2102,46
USDZAR,2026-07,16,0.0295,0.2053,46
USDZAR,2026-07,17,0.02395,0.1667,46
USDZAR,2026-07,18,0.02235,0.1555,46
USDZAR,2026-07,19,0.0234,0.1628,46
USDZAR,2026-07,20,0.02435,0.1695,46
USDZAR,2026-07,21,0.02775,0.1931,42
USDZAR,2026-07,22,0.02465,0.1715,36
USDZAR,2026-07,23,0.02175,0.1514,44
WTI,2026-06,0,0.395,0.1106,44
WTI,2026-06,1,0.475,0.1331,44
WTI,2026-06,2,0.325,0.091,44
WTI,2026-06,3,0.315,0.0882,44
WTI,2026-06,4,0.25,0.07,42
WTI,2026-06,5,0.39,0.1092,42
WTI,2026-06,6,0.48,0.1345,42
WTI,2026-06,7,0.585,0.1639,42
WTI,2026-06,8,0.745,0.2087,42
WTI,2026-06,9,0.535,0.1499,42
WTI,2026-06,10,0.505,0.1415,42
WTI,2026-06,11,0.485,0.1359,42
WTI,2026-06,12,0.535,0.1499,42
WTI,2026-06,13,0.755,0.2115,42
WTI,2026-06,14,0.655,0.1835,42
WTI,2026-06,15,0.665,0.1863,42
WTI,2026-06,16,0.51,0.1429,42
WTI,2026-06,17,0.455,0.1275,42
WTI,2026-06,18,0.53,0.1485,42
WTI,2026-06,19,0.33,0.0924,42
WTI,2026-06,20,0.32,0.0896,42
WTI,2026-06,22,0.4,0.112,44
WTI,2026-06,23,0.23,0.0644,44
WTI,2026-07,0,0.395,0.1145,46
WTI,2026-07,1,0.42,0.1217,46
WTI,2026-07,2,0.37,0.1072,46
WTI,2026-07,3,0.27,0.0783,46
WTI,2026-07,4,0.23,0.0667,44
WTI,2026-07,5,0.395,0.1145,44
WTI,2026-07,6,0.445,0.129,44
WTI,2026-07,7,0.63,0.1826,44
WTI,2026-07,8,0.675,0.1957,44
WTI,2026-07,9,0.57,0.1652,44
WTI,2026-07,10,0.52,0.1507,44
WTI,2026-07,11,0.46,0.1333,44
WTI,2026-07,12,0.635,0.1841,44
WTI,2026-07,13,0.71,0.2058,44
WTI,2026-07,14,0.68,0.1971,44
WTI,2026-07,15,0.68,0.1971,44
WTI,2026-07,16,0.52,0.1507,44
WTI,2026-07,17,0.445,0.129,44
WTI,2026-07,18,0.46,0.1333,44
WTI,2026-07,19,0.36,0.1043,44
WTI,2026-07,20,0.33,0.0957,44
WTI,2026-07,22,0.41,0.1188,44
WTI,2026-07,23,0.2,0.058,44
