symbol,tf,condition,k,n,share_reversal,base_share,base_n,edge_pp
BTC,H1,rsi_high,5,569,36.6,36.1,17304,0.5
BTC,H1,rsi_high,10,569,42.5,40.5,17299,2.0
BTC,H1,rsi_high,20,566,44.0,43.3,17289,0.7
BTC,H1,divergence,5,2156,40.9,36.1,17304,4.8
BTC,H1,divergence,10,2156,44.5,40.5,17299,4.0
BTC,H1,divergence,20,2155,44.5,43.3,17289,1.2
BTC,H4,rsi_high,5,168,38.7,33.3,4316,5.4
BTC,H4,rsi_high,10,167,38.3,40.2,4311,-1.9
BTC,H4,rsi_high,20,167,47.3,44.7,4301,2.6
BTC,H4,divergence,5,497,38.2,33.3,4316,4.9
BTC,H4,divergence,10,497,41.4,40.2,4311,1.2
BTC,H4,divergence,20,495,48.7,44.7,4301,4.0
BTC,D1,rsi_high,5,47,31.9,34.7,1808,-2.8
BTC,D1,rsi_high,10,47,31.9,38.5,1803,-6.6
BTC,D1,rsi_high,20,46,39.1,41.9,1793,-2.8
BTC,D1,divergence,5,254,36.6,34.7,1808,1.9
BTC,D1,divergence,10,252,42.9,38.5,1803,4.4
BTC,D1,divergence,20,252,42.5,41.9,1793,0.6
DJI,H1,rsi_high,5,175,39.4,37.3,5059,2.1
DJI,H1,rsi_high,10,175,41.1,42.2,5054,-1.1
DJI,H1,rsi_high,20,175,42.3,44.6,5044,-2.3
DJI,H1,divergence,5,789,34.2,37.3,5059,-3.1
DJI,H1,divergence,10,789,42.5,42.2,5054,0.3
DJI,H1,divergence,20,787,44.3,44.6,5044,-0.3
DJI,H4,rsi_high,5,73,43.8,38.1,1687,5.7
DJI,H4,rsi_high,10,73,43.8,43.4,1682,0.4
DJI,H4,rsi_high,20,73,35.6,42.0,1672,-6.4
DJI,H4,divergence,5,257,37.7,38.1,1687,-0.4
DJI,H4,divergence,10,257,37.0,43.4,1682,-6.4
DJI,H4,divergence,20,256,38.3,42.0,1672,-3.7
DJI,D1,rsi_high,5,49,26.5,34.7,1235,-8.2
DJI,D1,rsi_high,10,49,30.6,39.2,1230,-8.6
DJI,D1,rsi_high,20,48,31.2,42.3,1220,-11.1
DJI,D1,divergence,5,226,31.4,34.7,1235,-3.3
DJI,D1,divergence,10,226,35.0,39.2,1230,-4.2
DJI,D1,divergence,20,222,32.4,42.3,1220,-9.9
DXY,H1,rsi_high,5,545,38.3,34.2,14325,4.1
DXY,H1,rsi_high,10,545,40.7,40.0,14320,0.7
DXY,H1,rsi_high,20,545,43.9,43.7,14310,0.2
DXY,H1,divergence,5,2023,34.8,34.2,14325,0.6
DXY,H1,divergence,10,2023,40.6,40.0,14320,0.6
DXY,H1,divergence,20,2019,42.3,43.7,14310,-1.4
DXY,H4,rsi_high,5,128,33.6,36.8,3634,-3.2
DXY,H4,rsi_high,10,128,36.7,43.0,3629,-6.3
DXY,H4,rsi_high,20,127,43.3,44.5,3619,-1.2
DXY,H4,divergence,5,479,38.0,36.8,3634,1.2
DXY,H4,divergence,10,478,44.1,43.0,3629,1.1
DXY,H4,divergence,20,475,44.6,44.5,3619,0.1
DXY,D1,rsi_high,5,55,34.5,33.7,1237,0.8
DXY,D1,rsi_high,10,55,30.9,37.5,1232,-6.6
DXY,D1,rsi_high,20,53,37.7,43.5,1222,-5.8
DXY,D1,divergence,5,186,33.3,33.7,1237,-0.4
DXY,D1,divergence,10,186,37.6,37.5,1232,0.1
DXY,D1,divergence,20,186,38.7,43.5,1222,-4.8
ETH,H1,rsi_high,5,577,36.4,36.0,17304,0.4
ETH,H1,rsi_high,10,577,41.1,40.6,17299,0.5
ETH,H1,rsi_high,20,577,45.1,44.3,17289,0.8
ETH,H1,divergence,5,2133,39.2,36.0,17304,3.2
ETH,H1,divergence,10,2133,43.1,40.6,17299,2.5
ETH,H1,divergence,20,2131,44.1,44.3,17289,-0.2
ETH,H4,rsi_high,5,156,43.6,33.5,4316,10.1
ETH,H4,rsi_high,10,155,49.7,40.0,4311,9.7
ETH,H4,rsi_high,20,155,55.5,44.7,4301,10.8
ETH,H4,divergence,5,513,41.9,33.5,4316,8.4
ETH,H4,divergence,10,513,42.3,40.0,4311,2.3
ETH,H4,divergence,20,511,48.1,44.7,4301,3.4
ETH,D1,rsi_high,5,60,28.3,34.8,1808,-6.5
ETH,D1,rsi_high,10,59,32.2,40.4,1803,-8.2
ETH,D1,rsi_high,20,57,47.4,41.3,1793,6.1
ETH,D1,divergence,5,232,33.2,34.8,1808,-1.6
ETH,D1,divergence,10,230,41.3,40.4,1803,0.9
ETH,D1,divergence,20,229,45.9,41.3,1793,4.6
EURUSD,H1,rsi_high,5,589,37.9,35.7,17242,2.2
EURUSD,H1,rsi_high,10,588,42.0,41.0,17237,1.0
EURUSD,H1,rsi_high,20,588,48.5,44.7,17227,3.8
EURUSD,H1,divergence,5,2096,37.2,35.7,17242,1.5
EURUSD,H1,divergence,10,2096,42.9,41.0,17237,1.9
EURUSD,H1,divergence,20,2093,45.7,44.7,17227,1.0
EURUSD,H4,rsi_high,5,148,35.1,36.6,4345,-1.5
EURUSD,H4,rsi_high,10,148,46.6,41.6,4340,5.0
EURUSD,H4,rsi_high,20,148,44.6,45.3,4330,-0.7
EURUSD,H4,divergence,5,525,39.4,36.6,4345,2.8
EURUSD,H4,divergence,10,524,45.2,41.6,4340,3.6
EURUSD,H4,divergence,20,523,47.8,45.3,4330,2.5
EURUSD,D1,rsi_high,5,33,39.4,34.0,1281,5.4
EURUSD,D1,rsi_high,10,33,45.5,38.1,1276,7.4
EURUSD,D1,rsi_high,20,33,42.4,42.8,1266,-0.4
EURUSD,D1,divergence,5,190,33.2,34.0,1281,-0.8
EURUSD,D1,divergence,10,190,34.7,38.1,1276,-3.4
EURUSD,D1,divergence,20,190,45.3,42.8,1266,2.5
GBPUSD,H1,rsi_high,5,612,39.9,34.8,17243,5.1
GBPUSD,H1,rsi_high,10,612,44.0,40.9,17238,3.1
GBPUSD,H1,rsi_high,20,612,44.0,44.0,17228,0.0
GBPUSD,H1,divergence,5,2265,36.8,34.8,17243,2.0
GBPUSD,H1,divergence,10,2263,41.7,40.9,17238,0.8
GBPUSD,H1,divergence,20,2261,44.2,44.0,17228,0.2
GBPUSD,H4,rsi_high,5,122,37.7,37.6,4345,0.1
GBPUSD,H4,rsi_high,10,122,41.8,41.9,4340,-0.1
GBPUSD,H4,rsi_high,20,122,41.0,44.7,4330,-3.7
GBPUSD,H4,divergence,5,591,37.1,37.6,4345,-0.5
GBPUSD,H4,divergence,10,591,40.9,41.9,4340,-1.0
GBPUSD,H4,divergence,20,588,42.9,44.7,4330,-1.8
GBPUSD,D1,rsi_high,5,46,28.3,33.6,1281,-5.3
GBPUSD,D1,rsi_high,10,45,42.2,39.1,1276,3.1
GBPUSD,D1,rsi_high,20,44,47.7,44.2,1266,3.5
GBPUSD,D1,divergence,5,199,35.7,33.6,1281,2.1
GBPUSD,D1,divergence,10,199,42.7,39.1,1276,3.6
GBPUSD,D1,divergence,20,199,48.7,44.2,1266,4.5
GOLD,H1,rsi_high,5,504,28.0,30.3,13740,-2.3
GOLD,H1,rsi_high,10,503,31.0,36.0,13735,-5.0
GOLD,H1,rsi_high,20,502,35.9,40.1,13725,-4.2
GOLD,H1,divergence,5,1992,30.7,30.3,13740,0.4
GOLD,H1,divergence,10,1992,34.8,36.0,13735,-1.2
GOLD,H1,divergence,20,1988,40.5,40.1,13725,0.4
GOLD,H4,rsi_high,5,156,26.3,32.6,3622,-6.3
GOLD,H4,rsi_high,10,156,30.1,38.3,3617,-8.2
GOLD,H4,rsi_high,20,156,34.0,41.6,3607,-7.6
GOLD,H4,divergence,5,508,29.3,32.6,3622,-3.3
GOLD,H4,divergence,10,508,38.2,38.3,3617,-0.1
GOLD,H4,divergence,20,507,42.4,41.6,3607,0.8
GOLD,D1,rsi_high,5,45,26.7,39.6,1238,-12.9
GOLD,D1,rsi_high,10,45,40.0,42.8,1233,-2.8
GOLD,D1,rsi_high,20,45,35.6,42.0,1223,-6.4
GOLD,D1,divergence,5,204,41.2,39.6,1238,1.6
GOLD,D1,divergence,10,203,46.3,42.8,1233,3.5
GOLD,D1,divergence,20,203,40.9,42.0,1223,-1.1
NASDAQ,H1,rsi_high,5,206,29.1,35.4,5059,-6.3
NASDAQ,H1,rsi_high,10,206,38.3,41.0,5054,-2.7
NASDAQ,H1,rsi_high,20,206,33.0,43.6,5044,-10.6
NASDAQ,H1,divergence,5,879,32.5,35.4,5059,-2.9
NASDAQ,H1,divergence,10,879,37.4,41.0,5054,-3.6
NASDAQ,H1,divergence,20,879,41.1,43.6,5044,-2.5
NASDAQ,H4,rsi_high,5,74,21.6,37.6,1687,-16.0
NASDAQ,H4,rsi_high,10,74,41.9,41.4,1682,0.5
NASDAQ,H4,rsi_high,20,74,40.5,44.3,1672,-3.8
NASDAQ,H4,divergence,5,328,32.3,37.6,1687,-5.3
NASDAQ,H4,divergence,10,328,35.1,41.4,1682,-6.3
NASDAQ,H4,divergence,20,327,37.0,44.3,1672,-7.3
NASDAQ,D1,rsi_high,5,51,27.5,36.0,1235,-8.5
NASDAQ,D1,rsi_high,10,51,35.3,38.5,1230,-3.2
NASDAQ,D1,rsi_high,20,51,33.3,41.6,1220,-8.3
NASDAQ,D1,divergence,5,250,34.0,36.0,1235,-2.0
NASDAQ,D1,divergence,10,250,33.6,38.5,1230,-4.9
NASDAQ,D1,divergence,20,250,39.2,41.6,1220,-2.4
NG,H1,rsi_high,5,465,37.6,31.9,13363,5.7
NG,H1,rsi_high,10,465,40.4,38.2,13358,2.2
NG,H1,rsi_high,20,465,45.4,43.4,13348,2.0
NG,H1,divergence,5,2033,34.5,31.9,13363,2.6
NG,H1,divergence,10,2031,38.7,38.2,13358,0.5
NG,H1,divergence,20,2027,41.2,43.4,13348,-2.2
NG,H4,rsi_high,5,122,37.7,38.2,3543,-0.5
NG,H4,rsi_high,10,122,44.3,44.3,3538,0.0
NG,H4,rsi_high,20,120,45.8,45.5,3528,0.3
NG,H4,divergence,5,592,38.2,38.2,3543,0.0
NG,H4,divergence,10,592,41.0,44.3,3538,-3.3
NG,H4,divergence,20,590,44.9,45.5,3528,-0.6
NG,D1,rsi_high,5,36,36.1,37.4,1239,-1.3
NG,D1,rsi_high,10,36,44.4,42.1,1234,2.3
NG,D1,rsi_high,20,36,41.7,40.0,1224,1.7
NG,D1,divergence,5,184,30.4,37.4,1239,-7.0
NG,D1,divergence,10,184,39.7,42.1,1234,-2.4
NG,D1,divergence,20,183,39.9,40.0,1224,-0.1
SILVER,H1,rsi_high,5,510,32.9,32.9,13738,0.0
SILVER,H1,rsi_high,10,510,36.7,38.1,13733,-1.4
SILVER,H1,rsi_high,20,508,42.1,42.7,13723,-0.6
SILVER,H1,divergence,5,1861,36.6,32.9,13738,3.7
SILVER,H1,divergence,10,1861,41.8,38.1,13733,3.7
SILVER,H1,divergence,20,1859,45.8,42.7,13723,3.1
SILVER,H4,rsi_high,5,156,34.6,35.7,3622,-1.1
SILVER,H4,rsi_high,10,156,41.0,40.8,3617,0.2
SILVER,H4,rsi_high,20,156,39.7,43.2,3607,-3.5
SILVER,H4,divergence,5,506,36.4,35.7,3622,0.7
SILVER,H4,divergence,10,506,44.1,40.8,3617,3.3
SILVER,H4,divergence,20,505,42.8,43.2,3607,-0.4
SILVER,D1,rsi_high,5,53,41.5,41.9,1238,-0.4
SILVER,D1,rsi_high,10,53,54.7,46.5,1233,8.2
SILVER,D1,rsi_high,20,53,43.4,47.6,1223,-4.2
SILVER,D1,divergence,5,190,49.5,41.9,1238,7.6
SILVER,D1,divergence,10,188,51.6,46.5,1233,5.1
SILVER,D1,divergence,20,187,49.7,47.6,1223,2.1
SOL,H1,rsi_high,5,581,38.2,38.0,17304,0.2
SOL,H1,rsi_high,10,581,44.8,41.4,17299,3.4
SOL,H1,rsi_high,20,579,49.1,44.3,17289,4.8
SOL,H1,divergence,5,2366,40.2,38.0,17304,2.2
SOL,H1,divergence,10,2366,44.4,41.4,17299,3.0
SOL,H1,divergence,20,2363,45.7,44.3,17289,1.4
SOL,H4,rsi_high,5,140,35.7,36.3,4316,-0.6
SOL,H4,rsi_high,10,139,42.4,41.6,4311,0.8
SOL,H4,rsi_high,20,139,44.6,45.7,4301,-1.1
SOL,H4,divergence,5,543,39.2,36.3,4316,2.9
SOL,H4,divergence,10,543,43.1,41.6,4311,1.5
SOL,H4,divergence,20,543,46.4,45.7,4301,0.7
SOL,D1,rsi_high,5,58,43.1,34.8,1808,8.3
SOL,D1,rsi_high,10,58,39.7,39.7,1803,0.0
SOL,D1,rsi_high,20,57,36.8,39.2,1793,-2.4
SOL,D1,divergence,5,228,28.1,34.8,1808,-6.7
SOL,D1,divergence,10,228,38.2,39.7,1803,-1.5
SOL,D1,divergence,20,228,35.1,39.2,1793,-4.1
SPX,H1,rsi_high,5,199,28.6,35.4,5059,-6.8
SPX,H1,rsi_high,10,199,37.7,40.7,5054,-3.0
SPX,H1,rsi_high,20,198,30.8,43.2,5044,-12.4
SPX,H1,divergence,5,906,32.2,35.4,5059,-3.2
SPX,H1,divergence,10,906,37.0,40.7,5054,-3.7
SPX,H1,divergence,20,905,39.8,43.2,5044,-3.4
SPX,H4,rsi_high,5,71,26.8,38.4,1687,-11.6
SPX,H4,rsi_high,10,71,29.6,42.2,1682,-12.6
SPX,H4,rsi_high,20,71,36.6,43.0,1672,-6.4
SPX,H4,divergence,5,313,38.7,38.4,1687,0.3
SPX,H4,divergence,10,313,37.4,42.2,1682,-4.8
SPX,H4,divergence,20,313,34.2,43.0,1672,-8.8
SPX,D1,rsi_high,5,57,24.6,33.9,1235,-9.3
SPX,D1,rsi_high,10,56,35.7,37.6,1230,-1.9
SPX,D1,rsi_high,20,56,28.6,42.0,1220,-13.4
SPX,D1,divergence,5,262,32.4,33.9,1235,-1.5
SPX,D1,divergence,10,262,30.5,37.6,1230,-7.1
SPX,D1,divergence,20,261,39.1,42.0,1220,-2.9
USDJPY,H1,rsi_high,5,1879,31.5,33.6,53998,-2.1
USDJPY,H1,rsi_high,10,1879,35.8,38.8,53993,-3.0
USDJPY,H1,rsi_high,20,1879,36.6,41.9,53983,-5.3
USDJPY,H1,divergence,5,7256,34.9,33.6,53998,1.3
USDJPY,H1,divergence,10,7256,38.5,38.8,53993,-0.3
USDJPY,H1,divergence,20,7256,41.0,41.9,53983,-0.9
USDJPY,H4,rsi_high,5,526,31.0,34.8,13610,-3.8
USDJPY,H4,rsi_high,10,526,35.2,39.9,13605,-4.7
USDJPY,H4,rsi_high,20,525,42.7,43.8,13595,-1.1
USDJPY,H4,divergence,5,1958,35.4,34.8,13610,0.6
USDJPY,H4,divergence,10,1958,41.1,39.9,13605,1.2
USDJPY,H4,divergence,20,1958,45.4,43.8,13595,1.6
USDJPY,D1,rsi_high,5,105,32.4,35.8,2534,-3.4
USDJPY,D1,rsi_high,10,105,32.4,37.6,2529,-5.2
USDJPY,D1,rsi_high,20,105,38.1,41.4,2519,-3.3
USDJPY,D1,divergence,5,378,33.1,35.8,2534,-2.7
USDJPY,D1,divergence,10,378,35.7,37.6,2529,-1.9
USDJPY,D1,divergence,20,376,37.5,41.4,2519,-3.9
USDKZT,D1,rsi_high,5,3,,30.2,159,
USDKZT,D1,rsi_high,10,3,,41.6,154,
USDKZT,D1,rsi_high,20,2,,32.6,144,
USDKZT,D1,divergence,5,26,42.3,30.2,159,12.1
USDKZT,D1,divergence,10,24,54.2,41.6,154,12.6
USDKZT,D1,divergence,20,24,20.8,32.6,144,-11.8
USDRUB,H1,rsi_high,5,623,30.3,31.9,19964,-1.6
USDRUB,H1,rsi_high,10,622,31.8,35.3,19959,-3.5
USDRUB,H1,rsi_high,20,621,37.2,39.7,19949,-2.5
USDRUB,H1,divergence,5,2564,35.3,31.9,19964,3.4
USDRUB,H1,divergence,10,2564,36.7,35.3,19959,1.4
USDRUB,H1,divergence,20,2563,40.2,39.7,19949,0.5
USDRUB,H4,rsi_high,5,201,31.8,32.4,6687,-0.6
USDRUB,H4,rsi_high,10,201,38.8,36.5,6682,2.3
USDRUB,H4,rsi_high,20,201,47.8,41.4,6672,6.4
USDRUB,H4,divergence,5,905,33.0,32.4,6687,0.6
USDRUB,H4,divergence,10,905,39.2,36.5,6682,2.7
USDRUB,H4,divergence,20,904,42.0,41.4,6672,0.6
USDRUB,D1,rsi_high,5,63,25.4,32.9,2144,-7.5
USDRUB,D1,rsi_high,10,63,28.6,38.3,2139,-9.7
USDRUB,D1,rsi_high,20,62,33.9,39.3,2129,-5.4
USDRUB,D1,divergence,5,299,31.4,32.9,2144,-1.5
USDRUB,D1,divergence,10,299,35.5,38.3,2139,-2.8
USDRUB,D1,divergence,20,296,36.5,39.3,2129,-2.8
WTI,H1,rsi_high,5,486,34.8,33.6,13487,1.2
WTI,H1,rsi_high,10,486,42.6,40.1,13482,2.5
WTI,H1,rsi_high,20,486,40.9,43.9,13472,-3.0
WTI,H1,divergence,5,1918,36.6,33.6,13487,3.0
WTI,H1,divergence,10,1917,40.3,40.1,13482,0.2
WTI,H1,divergence,20,1913,43.4,43.9,13472,-0.5
WTI,H4,rsi_high,5,128,39.8,38.4,3587,1.4
WTI,H4,rsi_high,10,128,39.8,42.3,3582,-2.5
WTI,H4,rsi_high,20,128,46.9,45.1,3572,1.8
WTI,H4,divergence,5,525,36.2,38.4,3587,-2.2
WTI,H4,divergence,10,525,41.0,42.3,3582,-1.3
WTI,H4,divergence,20,523,45.1,45.1,3572,0.0
WTI,D1,rsi_high,5,35,37.1,37.5,1238,-0.4
WTI,D1,rsi_high,10,34,41.2,39.6,1233,1.6
WTI,D1,rsi_high,20,34,47.1,40.1,1223,7.0
WTI,D1,divergence,5,173,38.7,37.5,1238,1.2
WTI,D1,divergence,10,172,37.2,39.6,1233,-2.4
WTI,D1,divergence,20,170,38.8,40.1,1223,-1.3
