pattern_key,symbol,tf,n,agree_share_5,ci95_low,ci95_high,avg_move_5,max_adverse_5,shown
bullish_engulfing,EURUSD,D1,1,0.0,,,41.0,60.0,False
break_retest,BTC,H1,6531,0.5132,50.1,52.5,757.871,754.7063,True
bullish_engulfing,BTC,H1,1004,0.502,47.1,53.3,606.509,614.2169,True
pin_bar_top,BTC,H1,1036,0.501,47.1,53.1,624.9218,596.9942,True
bearish_engulfing,BTC,H1,961,0.4475,41.6,47.9,640.607,636.5487,True
pin_bar_bottom,BTC,H1,1080,0.4981,46.8,52.8,622.6763,655.9195,True
double_bottom,BTC,H1,168,0.5714,49.6,64.4,553.1819,464.3079,True
double_top,BTC,H1,197,0.4315,36.4,50.1,524.2549,474.961,True
break_retest,BTC,H4,3339,0.507,49.0,52.4,1439.0685,1502.6075,True
bullish_engulfing,BTC,H4,264,0.4545,39.6,51.5,1291.0919,1445.0472,True
bearish_engulfing,BTC,H4,292,0.4692,41.3,52.6,1251.6782,1185.8521,True
pin_bar_bottom,BTC,H4,253,0.4941,43.3,55.5,1236.6891,1430.6328,True
pin_bar_top,BTC,H4,219,0.5342,46.8,59.9,1306.8324,1213.3208,True
double_top,BTC,H4,65,0.5077,38.9,62.5,1102.2048,1139.907,True
double_bottom,BTC,H4,58,0.4655,34.3,59.2,1280.7263,1406.0869,True
break_retest,BTC,D1,2861,0.5135,49.5,53.2,2714.7106,2864.946,True
bullish_engulfing,BTC,D1,134,0.4776,39.5,56.2,2351.5433,2396.441,True
pin_bar_top,BTC,D1,80,0.45,34.6,55.9,2424.5767,2406.1484,True
pin_bar_bottom,BTC,D1,96,0.5625,46.3,65.7,2667.8762,2458.1935,True
bearish_engulfing,BTC,D1,114,0.4737,38.4,56.5,2485.2655,2297.741,True
double_bottom,BTC,D1,70,0.5429,42.7,65.4,1375.3421,1482.2162,True
double_top,BTC,D1,57,0.5439,41.6,66.6,2047.2329,1529.4849,True
break_retest,DJI,H1,2027,0.5294,50.8,55.1,233.2127,219.7442,True
bearish_engulfing,DJI,H1,299,0.4749,41.9,53.1,216.1602,210.5974,True
pin_bar_bottom,DJI,H1,303,0.5875,53.1,64.1,219.1796,173.7942,True
double_top,DJI,H1,193,0.4663,39.7,53.7,206.1209,220.876,True
double_bottom,DJI,H1,178,0.5787,50.5,64.9,228.7605,201.8278,True
bullish_engulfing,DJI,H1,278,0.482,42.4,54.1,221.7842,214.371,True
pin_bar_top,DJI,H1,267,0.4232,36.5,48.3,227.2079,228.6983,True
bearish_engulfing,DJI,H4,74,0.4324,32.6,54.6,358.9761,406.1532,True
break_retest,DJI,H4,1266,0.5047,47.7,53.2,435.0581,409.9601,True
pin_bar_top,DJI,H4,83,0.3855,28.8,49.3,362.1664,373.8694,True
bullish_engulfing,DJI,H4,83,0.6024,49.5,70.1,369.3449,351.0341,True
pin_bar_bottom,DJI,H4,110,0.6091,51.6,69.5,378.8203,343.9131,True
double_top,DJI,H4,51,0.2941,18.7,43.0,338.3022,338.0104,True
double_bottom,DJI,H4,39,0.6154,45.9,75.1,372.9683,294.218,True
break_retest,DJI,D1,1643,0.4863,46.2,51.0,641.0182,607.447,True
pin_bar_bottom,DJI,D1,85,0.5059,40.2,61.0,576.1344,552.499,True
bullish_engulfing,DJI,D1,51,0.4314,30.5,56.7,662.6531,690.1762,True
pin_bar_top,DJI,D1,48,0.375,25.2,51.6,613.5225,715.6474,True
double_bottom,DJI,D1,25,0.6,40.7,76.6,781.5644,566.6823,True
bearish_engulfing,DJI,D1,49,0.4082,28.2,54.8,635.3065,682.0753,True
double_top,DJI,D1,29,0.3448,19.9,52.7,648.9343,638.9254,True
pin_bar_top,ETH,H1,960,0.4781,44.7,51.0,29.108,28.3334,True
break_retest,ETH,H1,9362,0.5138,50.4,52.4,36.3676,36.7432,True
bullish_engulfing,ETH,H1,973,0.5128,48.1,54.4,30.0369,29.2865,True
double_bottom,ETH,H1,146,0.589,50.8,66.6,24.4048,20.8698,True
bearish_engulfing,ETH,H1,949,0.4847,45.3,51.7,30.6809,28.044,True
pin_bar_bottom,ETH,H1,1105,0.5122,48.3,54.2,29.9478,32.3332,True
double_top,ETH,H1,148,0.5338,45.4,61.2,22.7746,20.3224,True
pin_bar_top,ETH,H4,213,0.5164,45.0,58.3,64.0899,62.3433,True
break_retest,ETH,H4,4892,0.5211,50.7,53.5,74.0669,75.5801,True
bullish_engulfing,ETH,H4,254,0.4803,42.0,54.2,60.5151,59.4538,True
bearish_engulfing,ETH,H4,237,0.4557,39.3,51.9,61.7253,60.6883,True
pin_bar_bottom,ETH,H4,266,0.5113,45.1,57.1,66.5178,72.0717,True
double_top,ETH,H4,57,0.4737,35.0,60.1,60.0716,54.8009,True
double_bottom,ETH,H4,39,0.4359,29.3,59.0,49.4159,42.8277,True
break_retest,ETH,D1,4888,0.5272,51.3,54.1,167.8307,177.1187,True
bullish_engulfing,ETH,D1,119,0.4958,40.8,58.4,160.9389,156.6151,True
pin_bar_bottom,ETH,D1,92,0.5761,47.4,67.2,131.6206,128.6984,True
pin_bar_top,ETH,D1,87,0.4253,32.7,53.0,142.0676,140.607,True
bearish_engulfing,ETH,D1,99,0.4545,36.0,55.2,142.2281,147.3857,True
double_bottom,ETH,D1,45,0.6,45.5,73.0,148.458,102.3275,True
double_top,ETH,D1,33,0.4848,32.5,64.8,128.7094,125.0473,True
bearish_engulfing,EURUSD,H1,1055,0.473,44.3,50.3,15.6019,14.9659,True
break_retest,EURUSD,H1,6422,0.4924,48.0,50.5,17.1387,16.8267,True
pin_bar_top,EURUSD,H1,890,0.4528,42.0,48.6,15.4978,15.8483,True
bullish_engulfing,EURUSD,H1,1080,0.4537,42.4,48.4,15.2741,14.8676,True
pin_bar_bottom,EURUSD,H1,845,0.4994,46.6,53.3,15.3515,13.9846,True
double_bottom,EURUSD,H1,590,0.4831,44.3,52.3,15.3593,14.5271,True
double_top,EURUSD,H1,596,0.5268,48.7,56.7,14.7064,13.0285,True
break_retest,EURUSD,H4,3235,0.4934,47.6,51.1,33.2813,33.7997,True
pin_bar_top,EURUSD,H4,192,0.4531,38.4,52.4,30.2396,29.7969,True
pin_bar_bottom,EURUSD,H4,222,0.4685,40.4,53.4,32.4009,33.8468,True
bullish_engulfing,EURUSD,H4,313,0.508,45.3,56.3,30.9936,29.2652,True
bearish_engulfing,EURUSD,H4,339,0.5398,48.7,59.2,31.7316,29.354,True
double_top,EURUSD,H4,116,0.4741,38.6,56.4,28.9914,32.3103,True
double_bottom,EURUSD,H4,113,0.4336,34.6,52.6,38.6018,32.5664,True
pin_bar_bottom,EURUSD,D1,93,0.2581,18.0,35.5,79.6559,123.3441,True
break_retest,EURUSD,D1,2394,0.4311,41.1,45.1,91.9524,109.9386,True
pin_bar_top,EURUSD,D1,78,0.359,26.1,47.0,77.2821,109.4359,True
double_top,EURUSD,D1,35,0.4571,30.5,61.8,86.8857,98.3714,True
double_bottom,EURUSD,D1,20,0.75,53.1,88.8,79.25,66.5,True
bullish_engulfing,GBPUSD,H1,1103,0.4923,46.3,52.2,18.9791,18.4932,True
bearish_engulfing,GBPUSD,H1,1069,0.4733,44.4,50.3,19.0384,18.9036,True
pin_bar_top,GBPUSD,H1,910,0.4549,42.3,48.7,18.6121,18.5176,True
pin_bar_bottom,GBPUSD,H1,895,0.505,47.2,53.8,17.3989,16.5307,True
break_retest,GBPUSD,H1,5944,0.4973,48.5,51.0,20.4458,19.7,True
double_bottom,GBPUSD,H1,525,0.4952,45.3,53.8,18.7448,17.4286,True
double_top,GBPUSD,H1,514,0.4922,44.9,53.5,17.358,17.4961,True
break_retest,GBPUSD,H4,3004,0.501,48.3,51.9,39.5453,38.8522,True
bearish_engulfing,GBPUSD,H4,304,0.4836,42.8,54.0,38.5658,37.0197,True
bullish_engulfing,GBPUSD,H4,284,0.493,43.5,55.1,38.419,37.3803,True
pin_bar_top,GBPUSD,H4,205,0.4244,35.9,49.3,41.0683,41.5902,True
pin_bar_bottom,GBPUSD,H4,251,0.5538,49.2,61.4,36.6255,35.9681,True
double_bottom,GBPUSD,H4,129,0.4031,32.2,48.9,40.4884,43.1163,True
double_top,GBPUSD,H4,141,0.4752,39.5,55.7,40.2695,40.5461,True
pin_bar_bottom,GBPUSD,D1,341,0.3109,26.4,36.2,114.6305,172.956,True
break_retest,GBPUSD,D1,2108,0.4132,39.2,43.4,111.1727,134.9331,True
pin_bar_top,GBPUSD,D1,335,0.3701,32.0,42.3,114.9433,157.3224,True
bearish_engulfing,GBPUSD,D1,2,0.5,,,162.0,102.5,False
double_bottom,GBPUSD,D1,24,0.3333,18.0,53.3,85.0833,103.4167,True
double_top,GBPUSD,D1,41,0.6098,45.7,74.3,97.878,100.6341,True
bullish_engulfing,GBPUSD,D1,1,0.0,,,29.0,211.0,False
break_retest,GOLD,H1,1828,0.4787,45.6,50.2,19.1468,26.5994,True
bearish_engulfing,GOLD,H1,983,0.4771,44.6,50.8,16.1992,15.3467,True
bullish_engulfing,GOLD,H1,1023,0.5288,49.8,55.9,15.2673,19.2541,True
double_top,GOLD,H1,678,0.4941,45.7,53.2,12.8059,11.5211,True
pin_bar_bottom,GOLD,H1,1778,0.5405,51.7,56.4,12.9609,29.4127,True
pin_bar_top,GOLD,H1,528,0.464,42.2,50.7,18.0227,17.0513,True
double_bottom,GOLD,H1,746,0.508,47.2,54.4,13.4571,18.5488,True
bullish_engulfing,GOLD,H4,278,0.5719,51.3,62.9,31.1342,32.5266,True
break_retest,GOLD,H4,880,0.4636,43.1,49.7,38.7089,47.3418,True
pin_bar_top,GOLD,H4,144,0.4792,39.9,56.0,33.3507,35.4014,True
double_top,GOLD,H4,197,0.4112,34.5,48.1,22.7985,22.8726,True
pin_bar_bottom,GOLD,H4,506,0.5573,51.4,60.0,27.8526,41.7227,True
double_bottom,GOLD,H4,174,0.5517,47.8,62.4,20.0971,23.1799,True
bearish_engulfing,GOLD,H4,265,0.4566,39.8,51.7,30.7472,30.4102,True
pin_bar_top,GOLD,D1,64,0.3125,21.2,43.4,48.1844,59.0297,True
break_retest,GOLD,D1,649,0.4838,44.6,52.2,54.0393,48.2843,True
bearish_engulfing,GOLD,D1,45,0.4667,32.9,60.9,37.84,43.8467,True
bullish_engulfing,GOLD,D1,34,0.6471,47.9,78.5,56.9177,35.3794,True
pin_bar_bottom,GOLD,D1,61,0.541,41.7,66.0,39.059,40.0541,True
double_top,GOLD,D1,72,0.4167,31.0,53.2,39.2417,30.5792,True
double_bottom,GOLD,D1,69,0.6522,53.4,75.4,40.2855,22.7246,True
pin_bar_top,NASDAQ,H1,232,0.4181,35.6,48.2,136.301,134.2591,True
bullish_engulfing,NASDAQ,H1,262,0.6031,54.3,66.0,126.5865,115.0518,True
break_retest,NASDAQ,H1,1513,0.505,48.0,53.0,160.2849,147.1155,True
pin_bar_bottom,NASDAQ,H1,337,0.5549,50.2,60.7,141.9065,118.0413,True
double_top,NASDAQ,H1,271,0.4686,41.0,52.8,134.4608,121.3795,True
bearish_engulfing,NASDAQ,H1,263,0.4601,40.1,52.0,154.9291,133.1799,True
double_bottom,NASDAQ,H1,194,0.6082,53.8,67.4,147.4619,114.1686,True
break_retest,NASDAQ,H4,950,0.4979,46.6,53.0,281.2087,252.1831,True
bearish_engulfing,NASDAQ,H4,72,0.375,27.2,49.0,232.4054,214.7794,True
bullish_engulfing,NASDAQ,H4,62,0.5,37.9,62.1,239.8112,226.9771,True
pin_bar_top,NASDAQ,H4,61,0.4754,35.5,59.8,216.4882,203.3029,True
double_top,NASDAQ,H4,60,0.5167,39.3,63.8,257.7733,193.9439,True
pin_bar_bottom,NASDAQ,H4,115,0.6174,52.6,70.1,275.4273,249.0848,True
double_bottom,NASDAQ,H4,42,0.4762,33.4,62.3,242.9186,267.7763,True
break_retest,NASDAQ,D1,1214,0.5198,49.2,54.8,408.8254,363.165,True
pin_bar_top,NASDAQ,D1,45,0.4,27.0,54.5,409.9661,365.3333,True
pin_bar_bottom,NASDAQ,D1,74,0.6486,53.5,74.8,364.1518,282.9442,True
double_bottom,NASDAQ,D1,36,0.6389,47.6,77.5,308.1276,316.1099,True
bearish_engulfing,NASDAQ,D1,55,0.4364,31.4,56.7,427.0872,411.8734,True
double_top,NASDAQ,D1,44,0.4091,27.7,55.6,370.8901,353.7615,True
bullish_engulfing,NASDAQ,D1,35,0.5429,38.2,69.5,293.9114,315.6112,True
pin_bar_bottom,NG,H1,734,0.4523,41.7,48.8,0.0484,0.0749,True
break_retest,NG,H1,6084,0.4944,48.2,50.7,0.0566,0.0629,True
bearish_engulfing,NG,H1,1000,0.509,47.8,54.0,0.0444,0.0437,True
double_bottom,NG,H1,430,0.4023,35.7,44.9,0.0361,0.047,True
pin_bar_top,NG,H1,628,0.5175,47.8,55.6,0.043,0.0393,True
bullish_engulfing,NG,H1,1033,0.4724,44.2,50.3,0.0468,0.0455,True
double_top,NG,H1,289,0.4948,43.8,55.2,0.0371,0.0354,True
break_retest,NG,H4,3043,0.4933,47.6,51.1,0.112,0.1092,True
pin_bar_bottom,NG,H4,193,0.4922,42.3,56.2,0.0944,0.1144,True
pin_bar_top,NG,H4,145,0.4828,40.3,56.3,0.0945,0.094,True
bearish_engulfing,NG,H4,253,0.5455,48.4,60.6,0.0851,0.0817,True
bullish_engulfing,NG,H4,307,0.4788,42.4,53.5,0.0986,0.0921,True
double_top,NG,H4,77,0.5584,44.7,66.4,0.0894,0.0988,True
double_bottom,NG,H4,94,0.4362,34.0,53.7,0.0724,0.0654,True
break_retest,NG,D1,2737,0.4991,48.0,51.8,0.3686,0.3473,True
double_top,NG,D1,23,0.3913,22.2,59.2,0.3315,0.3367,True
bullish_engulfing,NG,D1,49,0.4082,28.2,54.8,0.3434,0.3452,True
pin_bar_top,NG,D1,45,0.6222,47.6,74.9,0.3725,0.3768,True
bearish_engulfing,NG,D1,58,0.6379,50.9,74.9,0.2543,0.27,True
pin_bar_bottom,NG,D1,33,0.5758,40.8,72.8,0.3583,0.2956,True
double_bottom,NG,D1,28,0.6429,45.8,79.3,0.1244,0.1454,True
double_bottom,SILVER,H1,886,0.5339,50.1,56.6,0.263,0.3007,True
pin_bar_bottom,SILVER,H1,1311,0.4966,47.0,52.4,0.39,0.5562,True
pin_bar_top,SILVER,H1,563,0.4725,43.2,51.4,0.5024,0.476,True
bearish_engulfing,SILVER,H1,1045,0.4421,41.2,47.2,0.4663,0.4527,True
bullish_engulfing,SILVER,H1,1066,0.5253,49.5,55.5,0.3839,0.4698,True
double_top,SILVER,H1,965,0.486,45.5,51.8,0.2708,0.2398,True
break_retest,SILVER,H1,2272,0.4974,47.7,51.8,0.5265,0.578,True
pin_bar_bottom,SILVER,H4,367,0.5722,52.1,62.2,0.846,0.9067,True
break_retest,SILVER,H4,1150,0.5157,48.7,54.4,0.9679,1.0826,True
pin_bar_top,SILVER,H4,130,0.4308,34.9,51.7,0.7635,0.9044,True
bullish_engulfing,SILVER,H4,257,0.5603,49.9,62.0,0.8822,0.8617,True
double_bottom,SILVER,H4,254,0.5472,48.6,60.7,0.5061,0.4658,True
double_top,SILVER,H4,213,0.4742,40.8,54.1,0.5799,0.4984,True
bearish_engulfing,SILVER,H4,283,0.4134,35.8,47.2,0.9804,0.8572,True
break_retest,SILVER,D1,713,0.4881,45.2,52.5,1.3972,1.4034,True
pin_bar_bottom,SILVER,D1,59,0.4915,36.8,61.6,1.666,1.2172,True
bearish_engulfing,SILVER,D1,33,0.5152,35.2,67.5,1.0971,1.0435,True
pin_bar_top,SILVER,D1,62,0.4194,30.5,54.3,1.7558,1.9925,True
bullish_engulfing,SILVER,D1,30,0.6,42.3,75.4,1.3226,0.7383,True
double_top,SILVER,D1,86,0.4884,38.6,59.2,0.9519,0.8726,True
double_bottom,SILVER,D1,73,0.6986,58.6,79.2,0.6841,0.4342,True
break_retest,SOL,H1,10217,0.5135,50.4,52.3,2.4348,2.2877,True
pin_bar_top,SOL,H1,1017,0.4985,46.8,52.9,2.093,1.8598,True
bearish_engulfing,SOL,H1,1003,0.4885,45.8,51.9,2.1365,1.782,True
bullish_engulfing,SOL,H1,991,0.4924,46.1,52.4,1.9415,1.8608,True
pin_bar_bottom,SOL,H1,1091,0.506,47.6,53.6,1.9677,1.9098,True
double_bottom,SOL,H1,125,0.608,52.0,68.9,1.6492,1.1958,True
double_top,SOL,H1,136,0.4853,40.3,56.9,1.4528,1.2459,True
break_retest,SOL,H4,5405,0.5006,48.7,51.4,4.7895,4.8893,True
bullish_engulfing,SOL,H4,258,0.4884,42.8,54.9,4.1661,4.0233,True
bearish_engulfing,SOL,H4,254,0.4646,40.4,52.6,4.0501,3.9052,True
double_bottom,SOL,H4,31,0.5161,34.8,68.0,3.2778,3.3292,True
pin_bar_top,SOL,H4,190,0.5158,44.5,58.6,4.3262,4.1707,True
pin_bar_bottom,SOL,H4,284,0.4754,41.8,53.3,4.2903,4.1128,True
double_top,SOL,H4,21,0.4762,28.3,67.6,3.8448,3.6354,True
break_retest,SOL,D1,5284,0.5095,49.6,52.3,11.4684,12.5593,True
bullish_engulfing,SOL,D1,117,0.5043,41.5,59.3,9.7834,7.8684,True
pin_bar_bottom,SOL,D1,84,0.4762,37.3,58.2,9.3762,10.5723,True
pin_bar_top,SOL,D1,106,0.4717,37.9,56.6,8.9109,9.9249,True
bearish_engulfing,SOL,D1,106,0.5,40.6,59.4,9.347,7.9222,True
double_top,SOL,D1,27,0.4815,30.7,66.0,3.1675,3.6135,True
double_bottom,SOL,D1,40,0.5,35.2,64.8,4.3217,4.2802,True
break_retest,SPX,H1,1474,0.5149,48.9,54.0,35.1732,33.2192,True
pin_bar_top,SPX,H1,211,0.4313,36.6,49.9,29.3985,31.3331,True
bullish_engulfing,SPX,H1,285,0.5614,50.3,61.8,35.1964,30.0427,True
pin_bar_bottom,SPX,H1,345,0.5971,54.5,64.8,29.1387,24.272,True
double_top,SPX,H1,209,0.4402,37.5,50.8,29.6106,25.8634,True
double_bottom,SPX,H1,175,0.5886,51.5,65.9,32.3759,25.0503,True
bearish_engulfing,SPX,H1,274,0.4635,40.5,52.3,32.0166,29.7871,True
break_retest,SPX,H4,927,0.5027,47.1,53.5,64.006,60.7411,True
bearish_engulfing,SPX,H4,73,0.3562,25.6,47.1,54.0727,51.4189,True
bullish_engulfing,SPX,H4,75,0.56,44.7,66.7,55.8612,45.5328,True
pin_bar_top,SPX,H4,49,0.3878,26.4,52.8,53.9784,55.5051,True
pin_bar_bottom,SPX,H4,126,0.6349,54.8,71.4,64.5593,55.3543,True
double_bottom,SPX,H4,33,0.4848,32.5,64.8,46.677,45.8609,True
double_top,SPX,H4,50,0.54,40.4,67.0,59.0771,41.4016,True
break_retest,SPX,D1,1206,0.5075,47.9,53.6,98.8128,90.7229,True
pin_bar_top,SPX,D1,35,0.4,25.6,56.4,91.0417,88.138,True
bearish_engulfing,SPX,D1,40,0.475,32.9,62.5,90.9395,95.8013,True
pin_bar_bottom,SPX,D1,76,0.6447,53.3,74.3,76.8226,68.7893,True
double_bottom,SPX,D1,23,0.4783,29.2,67.0,53.8291,66.1743,True
double_top,SPX,D1,28,0.4286,26.5,60.9,93.6675,84.0257,True
bullish_engulfing,SPX,D1,45,0.4667,32.9,60.9,85.3967,97.2562,True
break_retest,USDJPY,H1,21445,0.5038,49.7,51.0,25.8128,26.4406,True
pin_bar_bottom,USDJPY,H1,3361,0.5094,49.2,52.6,20.6436,22.3019,True
pin_bar_top,USDJPY,H1,2529,0.4749,45.5,49.4,21.1285,20.6811,True
bearish_engulfing,USDJPY,H1,4628,0.4654,45.1,48.0,20.8445,20.3396,True
bullish_engulfing,USDJPY,H1,4677,0.5112,49.7,52.6,20.1128,20.7578,True
double_top,USDJPY,H1,1313,0.4509,42.4,47.8,15.9221,15.7338,True
double_bottom,USDJPY,H1,1113,0.5409,51.2,57.0,14.2829,15.467,True
break_retest,USDJPY,H4,10726,0.4972,48.8,50.7,52.2783,53.0683,True
bullish_engulfing,USDJPY,H4,1176,0.54,51.1,56.8,43.8853,45.17,True
pin_bar_bottom,USDJPY,H4,908,0.565,53.3,59.7,43.0563,42.2108,True
bearish_engulfing,USDJPY,H4,1169,0.4696,44.1,49.8,44.2644,42.2191,True
pin_bar_top,USDJPY,H4,604,0.4487,40.9,48.9,43.1732,43.2699,True
double_top,USDJPY,H4,325,0.4185,36.6,47.3,33.0714,33.7791,True
double_bottom,USDJPY,H4,267,0.5468,48.7,60.5,38.7468,36.6831,True
break_retest,USDJPY,D1,4626,0.4885,47.4,50.3,119.3624,123.5417,True
bullish_engulfing,USDJPY,D1,208,0.5769,50.9,64.2,105.3226,101.013,True
bearish_engulfing,USDJPY,D1,192,0.474,40.5,54.4,99.8083,102.6594,True
pin_bar_bottom,USDJPY,D1,146,0.5137,43.3,59.3,97.463,102.75,True
pin_bar_top,USDJPY,D1,91,0.4176,32.2,52.0,100.8231,115.6659,True
double_bottom,USDJPY,D1,66,0.5303,41.2,64.6,81.3773,87.7758,True
double_top,USDJPY,D1,80,0.4,30.0,51.0,78.2013,81.03,True
pin_bar_top,USDKZT,D1,31,0.4516,29.2,62.2,4.9374,6.002,True
pin_bar_bottom,USDKZT,D1,33,0.2121,10.7,37.8,7.4215,9.0013,True
bullish_engulfing,USDKZT,D1,5,0.2,,,4.6294,9.6634,False
bearish_engulfing,USDKZT,D1,7,0.5714,,,6.2506,5.8767,False
break_retest,USDKZT,D1,43,0.4186,28.4,56.7,7.9601,6.2891,True
double_top,USDKZT,D1,1,1.0,,,4.5511,0.2029,False
pin_bar_bottom,USDRUB,H1,2117,0.4709,45.0,49.2,0.6318,1.3483,True
bearish_engulfing,USDRUB,H1,1191,0.4467,41.9,47.5,0.4609,0.5428,True
break_retest,USDRUB,H1,13110,0.5113,50.3,52.0,0.8641,1.2403,True
double_top,USDRUB,H1,1224,0.4436,41.6,47.2,0.3566,0.3904,True
bullish_engulfing,USDRUB,H1,1214,0.4596,43.2,48.8,0.4698,0.6656,True
double_bottom,USDRUB,H1,1227,0.4711,44.3,49.9,0.3523,0.4805,True
pin_bar_top,USDRUB,H1,1010,0.4693,43.9,50.0,0.6789,1.0411,True
pin_bar_bottom,USDRUB,H4,627,0.4625,42.4,50.2,0.9766,1.6076,True
break_retest,USDRUB,H4,7031,0.507,49.5,51.9,1.2815,1.6571,True
bearish_engulfing,USDRUB,H4,351,0.4558,40.4,50.8,0.8561,1.037,True
pin_bar_top,USDRUB,H4,311,0.4662,41.2,52.2,1.0146,1.3706,True
double_bottom,USDRUB,H4,265,0.4755,41.6,53.6,0.519,0.6382,True
bullish_engulfing,USDRUB,H4,421,0.4323,38.6,48.0,0.7549,0.9937,True
double_top,USDRUB,H4,270,0.4481,39.0,50.8,0.5747,0.6045,True
pin_bar_bottom,USDRUB,D1,146,0.4932,41.3,57.3,1.276,1.8783,True
break_retest,USDRUB,D1,3540,0.5073,49.1,52.4,2.171,2.5323,True
bearish_engulfing,USDRUB,D1,65,0.4308,31.8,55.2,1.3987,1.5834,True
pin_bar_top,USDRUB,D1,110,0.4909,39.9,58.3,1.4359,1.6255,True
double_top,USDRUB,D1,85,0.5529,44.7,65.4,1.0573,1.1466,True
bullish_engulfing,USDRUB,D1,104,0.5673,47.1,65.8,1.935,1.7825,True
double_bottom,USDRUB,D1,102,0.4804,38.6,57.6,0.9704,0.8539,True
break_retest,WTI,H1,4126,0.5034,48.8,51.9,0.8777,0.9423,True
bearish_engulfing,WTI,H1,1123,0.4978,46.9,52.7,0.552,0.5739,True
bullish_engulfing,WTI,H1,1062,0.5282,49.8,55.8,0.5639,0.5989,True
pin_bar_top,WTI,H1,641,0.4696,43.1,50.8,0.6125,0.6281,True
pin_bar_bottom,WTI,H1,701,0.5093,47.2,54.6,0.7026,0.6494,True
double_top,WTI,H1,681,0.5213,48.4,55.9,0.5529,0.5221,True
double_bottom,WTI,H1,676,0.4985,46.1,53.6,0.4684,0.4816,True
break_retest,WTI,H4,2125,0.5125,49.1,53.4,1.7136,1.7688,True
bullish_engulfing,WTI,H4,298,0.5101,45.4,56.6,1.2081,1.187,True
bearish_engulfing,WTI,H4,309,0.4951,44.0,55.1,1.1937,1.1625,True
pin_bar_bottom,WTI,H4,190,0.5316,46.1,60.1,1.3026,1.3105,True
pin_bar_top,WTI,H4,162,0.5123,43.6,58.8,1.0891,1.2741,True
double_top,WTI,H4,235,0.4255,36.4,48.9,0.9159,0.9716,True
double_bottom,WTI,H4,219,0.5068,44.1,57.2,0.9105,0.916,True
break_retest,WTI,D1,1962,0.4883,46.6,51.0,3.7411,4.1716,True
pin_bar_bottom,WTI,D1,47,0.3617,24.0,50.5,2.6491,3.6179,True
bullish_engulfing,WTI,D1,60,0.5,37.7,62.3,3.109,3.8777,True
bearish_engulfing,WTI,D1,83,0.5422,43.5,64.5,4.027,3.9784,True
double_bottom,WTI,D1,46,0.5435,40.2,67.8,2.3237,2.5409,True
pin_bar_top,WTI,D1,39,0.2308,12.6,38.3,3.7838,4.7049,True
double_top,WTI,D1,41,0.439,29.9,59.0,3.1612,2.8832,True
